half_year,bin,n,x_lo,x_hi,x_mean,y_mean,y_sd,se,ci_lo,ci_hi
2021 H1,0,1950,-12.097059076656958,-2.1564768589693415,-3.065876194833894,0.003482828002133365,0.025543356279854552,0.0005784431138130489,,
2021 H1,1,1950,-2.1564768589693415,-1.697461018180703,-1.8950517197354115,0.0018377672423915963,0.02528274426537345,0.0005725414138366667,,
2021 H1,2,1950,-1.697461018180703,-1.4317220448999683,-1.55638818781385,0.0016736169921785869,0.02406472269473595,0.0005449586568061554,,
2021 H1,3,1950,-1.4317220448999683,-1.2431212999307815,-1.3338622606600476,0.0019323101821710018,0.022685839173017773,0.000513733093918117,,
2021 H1,4,1950,-1.2431212999307815,-1.1018867601805278,-1.1688960475027583,0.0014299760069381735,0.021337318870999027,0.0004831951225570459,,
2021 H1,5,1950,-1.1018867601805278,-0.9776443734156641,-1.0372994378865397,0.0007099273030616154,0.02083761322690671,0.0004718790180642826,,
2021 H1,6,1949,-0.9776443734156641,-0.875002145610406,-0.9251644144924466,0.0008128867188942739,0.021673420811171892,0.0004909322289181348,,
2021 H1,7,1950,-0.875002145610406,-0.783086222475128,-0.8287300399750683,0.0018653550531114314,0.02020306973588784,0.0004575094376233505,,
2021 H1,8,1950,-0.783086222475128,-0.6994536518942047,-0.7404895481888065,0.000808442990009265,0.020378823231792523,0.00046148947056502053,,
2021 H1,9,1950,-0.6994536518942047,-0.6218747394790124,-0.6606904618611141,0.0008983126656544936,0.02060152240725891,0.00046653261380309106,,
2021 H1,10,1950,-0.6218747394790124,-0.5512923522161738,-0.5857681818538694,0.00041316035057298095,0.021805770865174216,0.000493803471249122,,
2021 H1,11,1950,-0.5512923522161738,-0.48354743797456395,-0.5162083807890916,0.0004993213247713651,0.019530809550287177,0.00044228574224084225,,
2021 H1,12,1950,-0.48354743797456395,-0.41701465170746677,-0.44998838392203827,5.299489954239482e-05,0.022519536463717398,0.0005099670791489803,,
2021 H1,13,1949,-0.41701465170746677,-0.3531188435772665,-0.3850274268796874,0.0009796063314543668,0.020229117720737627,0.00045821681488184424,,
2021 H1,14,1950,-0.3531188435772665,-0.2918079339205988,-0.32237807263842755,0.0005816094793543951,0.019087055544683637,0.00043223669285375106,,
2021 H1,15,1950,-0.2918079339205988,-0.23042982934277279,-0.26107654408712283,-0.0003884236381160071,0.021538979485434654,0.00048776183620538485,,
2021 H1,16,1950,-0.23042982934277279,-0.16882727157649308,-0.19966987883019763,0.00023566342110119143,0.021785458998297733,0.0004933434980414251,,
2021 H1,17,1950,-0.16882727157649308,-0.1061629665222296,-0.13711775291311476,0.00013658783422585845,0.018865753479683337,0.00042722518793757874,,
2021 H1,18,1950,-0.1061629665222296,-0.04851425769525608,-0.07731788236987358,0.00031897750387661564,0.02155072847817841,0.0004880278984985466,,
2021 H1,19,1949,-0.04851425769525608,0.011754005642408081,-0.01885136672595794,7.452547606799344e-05,0.020889293844639698,0.00047317069497347777,,
2021 H1,20,1950,0.011754005642408081,0.07004844609171841,0.04082001536375115,0.0004924945581221204,0.019848881499036086,0.0004494886534963224,,
2021 H1,21,1950,0.07004844609171841,0.12943611859011497,0.09882572134420703,-0.0003271322653344293,0.019124781480455846,0.00043309101706708074,,
2021 H1,22,1950,0.12943611859011497,0.18893312887828564,0.15993918817529915,0.0005650756553553661,0.019563641121443796,0.0004430292309211527,,
2021 H1,23,1950,0.18893312887828564,0.2491396543884627,0.21921886534470422,5.7819238344076534e-05,0.020152183545656024,0.00045635709233225855,,
2021 H1,24,1950,0.2491396543884627,0.31431829097924163,0.2807232527912382,0.00045366707974385685,0.019796040570541223,0.00044829204210037016,,
2021 H1,25,1950,0.31431829097924163,0.37994439527759843,0.347216624235814,-0.00025722952672678983,0.01878703234150671,0.0004254425052003964,,
2021 H1,26,1949,0.37994439527759843,0.44745583451695564,0.41311617650557825,-0.000988862869289071,0.017515682164722733,0.00039675383784900536,,
2021 H1,27,1950,0.44745583451695564,0.5175201221694079,0.48145356145304086,-0.00018257921968995458,0.01976336348700159,0.0004475520518756752,,
2021 H1,28,1950,0.5175201221694079,0.5943624811386992,0.5555277581237824,0.00051977068141959,0.02029038250061907,0.00045948668238920737,,
2021 H1,29,1950,0.5943624811386992,0.6748754344261012,0.6351271074510817,-0.000651796950277273,0.020379833067085747,0.0004615123388312362,,
2021 H1,30,1950,0.6748754344261012,0.7661402846836259,0.72067876179169,-0.0008911950534993289,0.019639149645346823,0.0004447391622711038,,
2021 H1,31,1950,0.7661402846836259,0.8623191719434963,0.8128869608432364,-0.0005107404501209879,0.01946456981614366,0.0004407857076464713,,
2021 H1,32,1949,0.8623191719434963,0.9695635196567162,0.914032187619841,-0.0006885499765565583,0.020360063815561737,0.0004611829206369168,,
2021 H1,33,1950,0.9695635196567162,1.094279714006964,1.0312461466062557,0.000242412883854692,0.019859684754484935,0.00044973329905709697,,
2021 H1,34,1950,1.094279714006964,1.2389126260183723,1.1648525226981499,-0.0003562753302420915,0.021136565833473626,0.0004786489614785503,,
2021 H1,35,1950,1.2389126260183723,1.4341264415567898,1.3331063404671921,-0.00023244956141434906,0.02111144444113365,0.00047808007396630447,,
2021 H1,36,1950,1.4341264415567898,1.70186338548745,1.5590527840405348,-0.0005091936295704516,0.020900467682058447,0.0004733023911855223,,
2021 H1,37,1950,1.70186338548745,2.203736123388028,1.9100462548887824,-0.0016928028306273713,0.020999220612794304,0.0004755387046960559,,
2021 H1,38,1950,2.203736123388028,18.097830062489457,3.2512181342658986,-0.0027662193196335834,0.02156367103780379,0.0004883209897590839,,
2021 H2,0,1960,-17.102659995410114,-2.2480928015020667,-3.1963231254769493,0.002227171606493289,0.017179051840132405,0.0003880352275494657,,
2021 H2,1,1959,-2.2480928015020667,-1.743006972514211,-1.965576716193833,0.0013913223734524378,0.016680676697796982,0.00037687423420901505,,
2021 H2,2,1960,-1.743006972514211,-1.4636309316655558,-1.5938047055312488,0.0012419008861030273,0.015737691507375973,0.0003554782162599762,,
2021 H2,3,1959,-1.4636309316655558,-1.2730443911854454,-1.3632563170273175,7.288841506215458e-05,0.015438356912770658,0.00034880592942097615,,
2021 H2,4,1960,-1.2730443911854454,-1.1276796508005023,-1.2002750107906983,0.0009351694320122793,0.01441289303903784,0.0003255540691124693,,
2021 H2,5,1959,-1.1276796508005023,-1.0099542213983217,-1.067215056934709,0.00020746588691741084,0.017096601927461316,0.0003862714250579125,,
2021 H2,6,1959,-1.0099542213983217,-0.9084543576362509,-0.9583582625118009,0.0007365976472863011,0.01463996186975241,0.000330767421398486,,
2021 H2,7,1960,-0.9084543576362509,-0.8191653927474685,-0.863425860909894,0.0007024187857455266,0.01527195055449648,0.0003449582004691451,,
2021 H2,8,1959,-0.8191653927474685,-0.7406434817149109,-0.7799192722315833,0.0011232072059875107,0.015916961181687436,0.00035961925675804987,,
2021 H2,9,1960,-0.7406434817149109,-0.6670715874153023,-0.7030963523871311,0.00040682142057855964,0.01623397447577159,0.0003666881058605441,,
2021 H2,10,1959,-0.6670715874153023,-0.5990807128927302,-0.6318914903008702,0.0006623753232672894,0.015100530607566432,0.00034117326364990953,,
2021 H2,11,1960,-0.5990807128927302,-0.534486718900943,-0.566378886256975,0.0008461198303622836,0.015741082696430535,0.00035555481541275224,,
2021 H2,12,1959,-0.534486718900943,-0.4725346064211199,-0.503517539485867,-4.4053958526785166e-05,0.013238573010562959,0.00029910519553652065,,
2021 H2,13,1959,-0.4725346064211199,-0.4162710820790059,-0.44475049644914005,0.0005039523112163356,0.015583930692031601,0.00035209494506307696,,
2021 H2,14,1960,-0.4162710820790059,-0.3595442256811525,-0.38778401919679883,0.0004060534308750239,0.015258821684981718,0.0003446616495350751,,
2021 H2,15,1959,-0.3595442256811525,-0.304221311617605,-0.3321361578648818,0.0006754572561881322,0.014987478109457426,0.00033861901633595767,,
2021 H2,16,1960,-0.304221311617605,-0.24962958009708838,-0.27646918460462466,0.0006728510539769303,0.015521319378632829,0.00035059086805277963,,
2021 H2,17,1959,-0.24962958009708838,-0.19666321761907607,-0.22331154732580974,0.0007277265040894061,0.015501425266948355,0.0003502308618811012,,
2021 H2,18,1959,-0.19666321761907607,-0.1444576836609986,-0.17005069806844744,-0.00025003812407394405,0.014084369290089252,0.0003182146615922596,,
2021 H2,19,1960,-0.1444576836609986,-0.09333218931160762,-0.11869927166623205,0.000322792041202108,0.014613061169815792,0.0003300754063141606,,
2021 H2,20,1959,-0.09333218931160762,-0.04154128742410779,-0.06734385883648933,-8.701661781241106e-05,0.013603425411223146,0.00030734847436682673,,
2021 H2,21,1960,-0.04154128742410779,0.011128205010830172,-0.015411434509873404,-0.0005319304270274037,0.015236552354029709,0.00034415863662238627,,
2021 H2,22,1959,0.011128205010830172,0.0649049685288635,0.03775910237386239,-0.000505839555040124,0.013888504499566868,0.00031378939790098606,,
2021 H2,23,1960,0.0649049685288635,0.11826676629804674,0.09158850282771626,-0.00010008909768641131,0.013963746276496505,0.0003154088778744592,,
2021 H2,24,1959,0.11826676629804674,0.17367955229939502,0.1456931628740947,-0.000135210173532218,0.015739997541041044,0.00035562103547723956,,
2021 H2,25,1959,0.17367955229939502,0.22604796637537267,0.19970047163423585,-0.0001017670297329857,0.01571226994185428,0.0003549945730201531,,
2021 H2,26,1960,0.22604796637537267,0.2806487200222767,0.25311491099567685,-0.0003159395690745492,0.015356367161376705,0.0003468649772554633,,
2021 H2,27,1959,0.2806487200222767,0.3370050144365037,0.3084613831397288,5.848883964750669e-05,0.01639026716228138,0.00037031287741952145,,
2021 H2,28,1960,0.3370050144365037,0.3929806905169384,0.3645597109225212,-2.062095603546207e-05,0.014894454296030436,0.0003364314291481142,,
2021 H2,29,1959,0.3929806905169384,0.45315910332793324,0.4234661507985521,-0.00043025936970484427,0.014593385737420866,0.0003297151053250508,,
2021 H2,30,1959,0.45315910332793324,0.5156276948921139,0.4839333263364687,-0.0003352204209672671,0.015351648972900294,0.0003468468968810792,,
2021 H2,31,1960,0.5156276948921139,0.5805530441159074,0.5471904984670904,-0.0002948303131273887,0.014856063849537065,0.0003355642773530437,,
2021 H2,32,1959,0.5805530441159074,0.6499071280817712,0.6142494541054684,0.0002881182917489422,0.016819344270369976,0.0003800072147331189,,
2021 H2,33,1960,0.6499071280817712,0.72451531340165,0.6869150623897882,0.00016895556489851152,0.01462339999650586,0.00033030893660469167,,
2021 H2,34,1959,0.72451531340165,0.8061048083455782,0.7652283372042493,-5.3207903758756404e-05,0.015056106710529756,0.00034016957402270825,,
2021 H2,35,1960,0.8061048083455782,0.8944986340949894,0.8488416487996664,-0.00029151235967951546,0.013642135848137062,0.0003081444387824717,,
2021 H2,36,1959,0.8944986340949894,1.004192218424204,0.9480060192305844,-0.0007554683734700119,0.014419606349253704,0.0003257888273314571,,
2021 H2,37,1959,1.004192218424204,1.1304848232348963,1.066343534876435,-0.0004305114889231735,0.016297197925273222,0.0003682101211548131,,
2021 H2,38,1960,1.1304848232348963,1.2898792479782943,1.2044893372472056,-0.0004744089608475636,0.015221493725145972,0.00034381849686730193,,
2021 H2,39,1959,1.2898792479782943,1.4933991568533258,1.3848619544852558,-0.0005995927686446586,0.01499961982768706,0.0003388933397847407,,
2021 H2,40,1960,1.4933991568533258,1.8002905804593219,1.6366972189011997,-0.0003991360613492229,0.014427058582254518,0.0003258740361185997,,
2021 H2,41,1959,1.8002905804593219,2.389502693458817,2.0465096972606043,-0.0007849841086336397,0.015596783798484212,0.00035238534123460484,,
2021 H2,42,1960,2.389502693458817,26.623818686108702,3.5237309765729137,-0.0006383580327816699,0.016779503564574538,0.0003790103519354982,,
2022 H1,0,1972,-18.588892367239453,-2.3827413313977686,-3.4518952918531602,0.0007284622407757989,0.0284828297123128,0.0006414010670506373,,
2022 H1,1,1971,-2.3827413313977686,-1.7907997941979468,-2.048473915141942,0.0020271408952569547,0.05725893096157036,0.001289733329930957,,
2022 H1,2,1971,-1.7907997941979468,-1.479834528771349,-1.6252384241438396,0.000998901383405634,0.01677989040349512,0.0003779599717029495,,
2022 H1,3,1972,-1.479834528771349,-1.2816006175565453,-1.3731378516560306,0.001611446456376863,0.015254124422377715,0.00034350560601802626,,
2022 H1,4,1971,-1.2816006175565453,-1.1307610395758805,-1.203912256491739,0.001015129869374483,0.01678064849972559,0.00037797704750159455,,
2022 H1,5,1971,-1.1307610395758805,-1.012766191922878,-1.0708880324104728,0.000613808141165355,0.016758572904940153,0.00037747980401669725,,
2022 H1,6,1972,-1.012766191922878,-0.9083806468399918,-0.9595770700917098,-0.0003006370033613936,0.01671034674648757,0.00037629808352047234,,
2022 H1,7,1971,-0.9083806468399918,-0.8190359262247687,-0.862169360024358,0.0006499306947026792,0.01655347073615161,0.00037285996395532324,,
2022 H1,8,1971,-0.8190359262247687,-0.7369149488052387,-0.7785724049130485,0.00034520686521805326,0.01724780633294425,0.0003884995811521933,,
2022 H1,9,1972,-0.7369149488052387,-0.6646518544873669,-0.7007886115999994,0.0005204049441410759,0.019119431892884217,0.00043054795262131813,,
2022 H1,10,1971,-0.6646518544873669,-0.5957784760461641,-0.6293897769121705,9.330650824988725e-05,0.018937901692131116,0.000426568268060929,,
2022 H1,11,1971,-0.5957784760461641,-0.5327985591061518,-0.5643236043465725,-7.61573479721307e-05,0.01933936643588066,0.0004356110925096336,,
2022 H1,12,1972,-0.5327985591061518,-0.4685931969619796,-0.4997238189459631,-3.863795065703684e-05,0.016752212073884633,0.0003772408432791101,,
2022 H1,13,1971,-0.4685931969619796,-0.4099330744832664,-0.4390875228639391,-5.124956003250063e-05,0.01855377928394613,0.00041791607242454835,,
2022 H1,14,1971,-0.4099330744832664,-0.3503314752918637,-0.38060724574234234,-0.00011338965274202336,0.015916643841729982,0.000358515706084298,,
2022 H1,15,1972,-0.3503314752918637,-0.29724241080865305,-0.3237540617039976,0.001537685115942353,0.06619111767909702,0.001490549005750447,,
2022 H1,16,1971,-0.29724241080865305,-0.2438388238589947,-0.2702785052675084,-0.00031883164501348414,0.014939386357047198,0.00033650339239360403,,
2022 H1,17,1971,-0.2438388238589947,-0.19089816729849224,-0.21809074156067906,-0.00024503476618937175,0.015663278226372722,0.0003528087521943618,,
2022 H1,18,1972,-0.19089816729849224,-0.13658935332755073,-0.16423111139882535,-0.0004535458854463032,0.016945080598026397,0.00038158402401060646,,
2022 H1,19,1971,-0.13658935332755073,-0.08305328745696552,-0.1095298494271115,0.00029024006565167495,0.021136059990334854,0.0004760808589187713,,
2022 H1,20,1971,-0.08305328745696552,-0.03194576693535654,-0.05743111544827825,-4.061783068448202e-05,0.019816910263279492,0.000446367566309545,,
2022 H1,21,1972,-0.03194576693535654,0.01771956847976594,-0.006793650080649856,-0.0015028523986351174,0.025492512010105165,0.000574062499064632,,
2022 H1,22,1971,0.01771956847976594,0.07122772830214254,0.04441380254049614,-5.3889306845787e-05,0.014545923123330154,0.000327640798591986,,
2022 H1,23,1971,0.07122772830214254,0.12361050051169649,0.09763902307022923,-0.0015603359097293038,0.030235051682432592,0.0006810318186553322,,
2022 H1,24,1972,0.12361050051169649,0.17704037699262523,0.15036915822957975,-0.00022689787286919394,0.01585255635770138,0.0003569816154507495,,
2022 H1,25,1971,0.17704037699262523,0.23115821214011126,0.20409140366256334,-0.0002288900467956908,0.015535176288280715,0.0003499233099338889,,
2022 H1,26,1971,0.23115821214011126,0.28609352538489347,0.25898877193016706,-0.00012930282164699366,0.016767526861248373,0.0003776814881154312,,
2022 H1,27,1972,0.28609352538489347,0.3436466630905437,0.31462676785828897,-0.00032080499204303935,0.0145886959652787,0.0003285209107914609,,
2022 H1,28,1971,0.3436466630905437,0.40284721159128556,0.3731055146877175,-0.0005011314669873942,0.015171631051970079,0.0003417346064367499,,
2022 H1,29,1971,0.40284721159128556,0.46179996557976305,0.43229500477672045,-0.000594970662171959,0.019357162392241695,0.0004360119389395508,,
2022 H1,30,1972,0.46179996557976305,0.5219645311520559,0.49189060259920264,-0.000686344369615598,0.01310804167981617,0.0002951782531896348,,
2022 H1,31,1971,0.5219645311520559,0.5889335916090463,0.5549882136968206,1.3711460730216218e-06,0.014094534071649796,0.00031747345011129554,,
2022 H1,32,1971,0.5889335916090463,0.6596644196156698,0.6251669672920463,-0.0014199026836078962,0.01591061243900102,0.00035837985127536,,
2022 H1,33,1972,0.6596644196156698,0.7358192553766784,0.6972626221802666,-0.0015364998954843726,0.019561855299977452,0.0004405108266848845,,
2022 H1,34,1971,0.7358192553766784,0.8179755890780136,0.775897870096207,-0.0015585682403666521,0.019993017241884146,0.0004503343019108838,,
2022 H1,35,1971,0.8179755890780136,0.9051018791285234,0.8608898177220363,-0.0011153176408126944,0.016227489995596107,0.00036551738492093333,,
2022 H1,36,1972,0.9051018791285234,1.0065636427407867,0.955066627925029,-0.001443485962894778,0.01732077634788386,0.00039004426680526097,,
2022 H1,37,1971,1.0065636427407867,1.122377534886474,1.0632288337014915,-0.00090711975388004,0.017050955254069997,0.00038406559341974005,,
2022 H1,38,1971,1.122377534886474,1.2677751803630806,1.1921177086971853,-0.001137579142241144,0.018323576334774157,0.0004127308478454384,,
2022 H1,39,1972,1.2677751803630806,1.4600667124119175,1.3581084645058805,-0.00120364891511095,0.015126025982385726,0.00034062097422658366,,
2022 H1,40,1971,1.4600667124119175,1.7450484965306035,1.5933380870750469,-0.0011489378353593672,0.014879139766965735,0.0003351463632989655,,
2022 H1,41,1971,1.7450484965306035,2.2592502968088826,1.9744631012296014,-0.0010958035844244303,0.01674858089404302,0.0003772547381750783,,
2022 H1,42,1972,2.2592502968088826,21.925373342074,3.2062549982514343,-0.0033050834157329245,0.019170785032225572,0.0004317043671595726,,
2022 H2,0,1987,-14.840989648565033,-2.3524477701876068,-3.6413237965182916,0.0019801874857470194,0.01338394403501932,0.0003002514949298573,,
2022 H2,1,1986,-2.3524477701876068,-1.7495879855987988,-2.0043428826592704,0.0011114143470307668,0.01214079651917789,0.0002724316484581266,,
2022 H2,2,1987,-1.7495879855987988,-1.4447610632610568,-1.5860957302369578,0.0004462674425353772,0.011771620609171089,0.00026408110168443593,,
2022 H2,3,1986,-1.4447610632610568,-1.2386918056726355,-1.334835900714223,9.44051352788443e-05,0.011519673759457295,0.00025849405407885756,,
2022 H2,4,1986,-1.2386918056726355,-1.0883696891705987,-1.1609260026287473,-1.4890563965021967e-05,0.01273417935935359,0.00028574677692276025,,
2022 H2,5,1987,-1.0883696891705987,-0.9717430159694962,-1.028931258293439,-2.1561671618860233e-05,0.011630158613151146,0.0002609075845455705,,
2022 H2,6,1986,-0.9717430159694962,-0.8687287225214778,-0.91962075117176,-3.8223141084517106e-06,0.011888151581925207,0.0002667624589101735,,
2022 H2,7,1987,-0.8687287225214778,-0.7810038089395324,-0.8237172274650106,0.0007296673926370132,0.01313776693684588,0.00029472882974606175,,
2022 H2,8,1986,-0.7810038089395324,-0.6995489271820795,-0.7393335650980469,0.00029843671580202926,0.010600780762698513,0.00023787468751026487,,
2022 H2,9,1986,-0.6995489271820795,-0.6237433497642785,-0.6607394066436253,0.00033205352178180647,0.010569372060297982,0.0002371698964730878,,
2022 H2,10,1987,-0.6237433497642785,-0.5577668231500716,-0.5903267235095639,-0.0001281235150787549,0.01180851852337551,0.0002649088587245643,,
2022 H2,11,1986,-0.5577668231500716,-0.4952926704166727,-0.5265397485824773,0.00021641807007037942,0.011819297676289545,0.0002652174216479582,,
2022 H2,12,1987,-0.4952926704166727,-0.4367208619998855,-0.4654150002498345,0.00027581709894701896,0.012445399864690489,0.0002791964688880865,,
2022 H2,13,1986,-0.4367208619998855,-0.3806700195953137,-0.40841852739088236,0.0002966005580089761,0.011922665989099232,0.0002675369399606649,,
2022 H2,14,1986,-0.3806700195953137,-0.32497362175812583,-0.35255586967376495,-0.000694461939558426,0.012701290902243057,0.0002850087811436766,,
2022 H2,15,1987,-0.32497362175812583,-0.27341265648712115,-0.2994871256170969,0.00016422017601349411,0.013527124785928896,0.00030346357011436904,,
2022 H2,16,1986,-0.27341265648712115,-0.21936524935306848,-0.24641474608263095,-0.00010156063817847575,0.01403001907433787,0.00031482458488478525,,
2022 H2,17,1987,-0.21936524935306848,-0.16930638148180827,-0.1942086211364713,0.000212359078622165,0.011053045263348273,0.00024796079206280887,,
2022 H2,18,1986,-0.16930638148180827,-0.11911927256393647,-0.14393547855202157,-0.00019406908675239677,0.014281621049348924,0.00032047037103228454,,
2022 H2,19,1986,-0.11911927256393647,-0.0708508078391928,-0.09459782870468217,0.00014436355201205887,0.01394077563993977,0.000312822019739349,,
2022 H2,20,1987,-0.0708508078391928,-0.020584676761285142,-0.044837079145360365,9.88587953788097e-05,0.014144526591561882,0.0003173141820587001,,
2022 H2,21,1986,-0.020584676761285142,0.027566048357523174,0.003437281638267033,-6.244381016086446e-05,0.013531671610514126,0.00030364198900979713,,
2022 H2,22,1987,0.027566048357523174,0.07676978976630804,0.05275412285680429,0.00026574102501870824,0.011211029027705257,0.0002515049537313512,,
2022 H2,23,1986,0.07676978976630804,0.1253522569018995,0.10095580350094288,-6.39691025310223e-05,0.011067570113833483,0.0002483491396775112,,
2022 H2,24,1986,0.1253522569018995,0.17511749297049248,0.15013827096565768,-0.0001527383112780266,0.011054608411988907,0.0002480582874426712,,
2022 H2,25,1987,0.17511749297049248,0.2230822921610061,0.199250666847386,-0.0004977418010422318,0.011180163224337153,0.00025081251930550213,,
2022 H2,26,1986,0.2230822921610061,0.2746368701849598,0.2489395974963383,-0.0002027796779636727,0.011603048572339208,0.00026036493114013013,,
2022 H2,27,1987,0.2746368701849598,0.32733823818661434,0.3006076168626449,-0.001127215747879613,0.012505361507288754,0.000280541630880805,,
2022 H2,28,1986,0.32733823818661434,0.3807171811655524,0.35367778775043385,-0.00024257451463464635,0.012224622388109188,0.0002743126469264161,,
2022 H2,29,1986,0.3807171811655524,0.4387388506202917,0.4093770424302548,-0.00025936545575937805,0.012551145112627443,0.0002816396064021829,,
2022 H2,30,1987,0.4387388506202917,0.4986991069545532,0.46829433586012364,-0.00026371209813799224,0.012517316903730957,0.0002808098347559003,,
2022 H2,31,1986,0.4986991069545532,0.5629505333717509,0.5316007075433052,-0.0008220441871991482,0.01208666297679691,0.000271216926659237,,
2022 H2,32,1987,0.5629505333717509,0.6297865729477898,0.5957859732972083,-0.0006522447883441438,0.00964326628886365,0.00021633422193503875,,
2022 H2,33,1986,0.6297865729477898,0.6995396589957518,0.664108058030519,-0.0004422710394532034,0.010983417976598528,0.00024646081995878603,,
2022 H2,34,1986,0.6995396589957518,0.7781709265274652,0.7381748951281325,-0.0004757338047345975,0.011069176896214056,0.0002483851948384688,,
2022 H2,35,1987,0.7781709265274652,0.8640354662108174,0.8202045042491577,-0.0006505061180547792,0.011819941102394992,0.000265165109529079,,
2022 H2,36,1986,0.8640354662108174,0.9609853177172817,0.9105227234658165,-0.0004982459985087089,0.012009954249049472,0.00026949563225171194,,
2022 H2,37,1987,0.9609853177172817,1.078295636779338,1.0180590714545428,-0.00023630585625908216,0.011422729014480259,0.0002562541694587564,,
2022 H2,38,1986,1.078295636779338,1.2178694076308771,1.1450474342443446,-0.0005990578787661476,0.01165921715141083,0.0002616253178506611,,
2022 H2,39,1986,1.2178694076308771,1.4093949145123648,1.3096483359610265,-0.00023823126572456287,0.011410789103849335,0.0002560507525893536,,
2022 H2,40,1987,1.4093949145123648,1.6943524796939848,1.5386160391339254,-0.0006055522906644163,0.014473349108718099,0.0003246908904553002,,
2022 H2,41,1986,1.6943524796939848,2.2797412802069816,1.943279538587988,7.05608676931018e-06,0.012714611260818371,0.00028530768140437975,,
2022 H2,42,1987,2.2797412802069816,26.159943179110513,3.737080706322399,-0.0012714841706789127,0.012670746755866198,0.0002842518352865313,,
2023 H1,0,1995,-35.67744254201848,-2.2991445981163476,-3.808443706112453,0.0008317549333572322,0.010775603300416535,0.000241251567956724,,
2023 H1,1,1995,-2.2991445981163476,-1.699431827438175,-1.9571406978402461,0.0012690848912036124,0.013211482900069092,0.00029578770448536365,,
2023 H1,2,1994,-1.699431827438175,-1.4049716177439269,-1.5432116072497444,-0.00012109805800090723,0.01235122566630814,0.00027659700910598,,
2023 H1,3,1995,-1.4049716177439269,-1.2080151451660635,-1.3029423249136087,-0.0003033197553344651,0.012448105774626496,0.0002786966959059921,,
2023 H1,4,1995,-1.2080151451660635,-1.0592016896268708,-1.129829991618599,0.0002555381888061897,0.011817964033833518,0.00026458865213684106,,
2023 H1,5,1994,-1.0592016896268708,-0.9384946465254205,-0.9966897125452554,-0.0003131033969136679,0.011552883903677947,0.0002587187070043302,,
2023 H1,6,1995,-0.9384946465254205,-0.8365521601132088,-0.8860381624463365,-0.00023725929284821185,0.01208275949101385,0.00027051707372508784,,
2023 H1,7,1995,-0.8365521601132088,-0.75094257056421,-0.7928433213003044,-0.00039119912096394796,0.014374490737940941,0.00032182591845911836,,
2023 H1,8,1994,-0.75094257056421,-0.6742968469917798,-0.7118305444553745,-0.0007767010053238723,0.012251657380631395,0.00027436724739940524,,
2023 H1,9,1995,-0.6742968469917798,-0.6026918753865895,-0.6376015122293941,-0.00021733948521757195,0.012685822288896871,0.00028401885562160805,,
2023 H1,10,1995,-0.6026918753865895,-0.5361840325391564,-0.5689297379466591,-0.0005967126469986653,0.011734172667694803,0.00026271267379032753,,
2023 H1,11,1994,-0.5361840325391564,-0.4748663643561031,-0.5050904202696629,-8.060264802482582e-05,0.011878338029457492,0.0002660070231782773,,
2023 H1,12,1995,-0.4748663643561031,-0.41648017687891903,-0.4452489812195247,-0.00014735813962975074,0.011760565443325951,0.00026330357328117074,,
2023 H1,13,1995,-0.41648017687891903,-0.3599187223951772,-0.3881978046568219,0.00017593247439374145,0.011534463943069726,0.0002582414584340073,,
2023 H1,14,1994,-0.3599187223951772,-0.30621535797679916,-0.33275548327566046,-0.00020792576508584876,0.011517580965003276,0.00025792812253005396,,
2023 H1,15,1995,-0.30621535797679916,-0.25254018133489853,-0.2789521531650632,0.00022813801969301284,0.01163827755171675,0.00026056570842383124,,
2023 H1,16,1994,-0.25254018133489853,-0.2001831040959347,-0.22601874652720103,0.0005778909136956528,0.01199018080974641,0.0002685116635559847,,
2023 H1,17,1995,-0.2001831040959347,-0.1495284885074208,-0.174063807177633,-0.0001719221017969618,0.010637368634034769,0.000238156675811865,,
2023 H1,18,1995,-0.1495284885074208,-0.1003360508830762,-0.12534190410092527,-0.00013308817329073122,0.011522942366609674,0.0002579835055093471,,
2023 H1,19,1994,-0.1003360508830762,-0.05010101038372623,-0.07494054670151065,0.0002022731390033058,0.01149150339358655,0.0002573441336650226,,
2023 H1,20,1995,-0.05010101038372623,-0.0006514780543807404,-0.025826997047137954,0.0004798865728110162,0.01095983119655492,0.0002453761879492803,,
2023 H1,21,1995,-0.0006514780543807404,0.04609627442262165,0.02262415591002047,0.00021919251118022908,0.010686782631536162,0.0002392629901447024,,
2023 H1,22,1994,0.04609627442262165,0.09420897573051698,0.070415471559768,0.00010311819724959117,0.01192494220226036,0.0002670506908398839,,
2023 H1,23,1995,0.09420897573051698,0.1425079448269263,0.11843898104777745,0.0004594209798204182,0.011054073996452788,0.0002474861601346069,,
2023 H1,24,1995,0.1425079448269263,0.19322517411436582,0.1680404819320547,0.00028716971537980773,0.012482080706805516,0.0002794573498973186,,
2023 H1,25,1994,0.19322517411436582,0.2430985302532332,0.21839028175509154,-0.00021192870224894092,0.010881373061088294,0.0002436806941252365,,
2023 H1,26,1995,0.2430985302532332,0.29632923268229944,0.26974251572263447,0.00027653433405878876,0.010905768104137403,0.0002441657865034688,,
2023 H1,27,1995,0.29632923268229944,0.35119666511760794,0.3232139610480784,8.512934323059318e-05,0.011170565123364477,0.0002500942430638851,,
2023 H1,28,1994,0.35119666511760794,0.4097242390213684,0.3807736541253467,0.0006494693224642215,0.01186220830840136,0.0002656458094232724,,
2023 H1,29,1995,0.4097242390213684,0.4710240974836414,0.4401903563723416,0.00019762873586194298,0.01212222142369998,0.00027140057443216783,,
2023 H1,30,1994,0.4710240974836414,0.5352660813002479,0.5034975846953139,0.00010721443257037684,0.012240800780297028,0.0002741241214730661,,
2023 H1,31,1995,0.5352660813002479,0.6032383397264331,0.5691886362482592,0.00016943539904569602,0.012006855868222553,0.00026881769156508495,,
2023 H1,32,1995,0.6032383397264331,0.6777692898226451,0.6403729798019161,-0.0002519124393732234,0.01289475493549564,0.0002886965824443237,,
2023 H1,33,1994,0.6777692898226451,0.7588631695167777,0.7171650656219591,9.633789746936546e-05,0.011557089631024461,0.00025881289130932065,,
2023 H1,34,1995,0.7588631695167777,0.8512865740774491,0.8042815567829189,0.0004494535986182494,0.011755958242115136,0.0002632004241130904,,
2023 H1,35,1995,0.8512865740774491,0.9571401777551853,0.9030806876508563,0.0002593544321057948,0.01428483807683315,0.0003198187134367405,,
2023 H1,36,1994,0.9571401777551853,1.077175336545981,1.0164178548179374,2.2122880582359224e-05,0.01197838235032219,0.00026824744535797223,,
2023 H1,37,1995,1.077175336545981,1.2318559277086367,1.149315387399852,0.0001685328939811623,0.012747595459504855,0.0002854018755650258,,
2023 H1,38,1995,1.2318559277086367,1.4467519702803115,1.3318100370052715,0.0007407798634373994,0.012801200919092743,0.0002866020312144194,,
2023 H1,39,1994,1.4467519702803115,1.756319166643516,1.587710591931161,0.00025053491768999573,0.010821278533998177,0.0002423349194704906,,
2023 H1,40,1995,1.756319166643516,2.387009472689156,2.0245150880799794,-0.0004566566085212082,0.01233134781754129,0.0002760826390005063,,
2023 H1,41,1995,2.387009472689156,31.780382279572194,3.7279078759751614,-0.0015867403879565403,0.013573167610255291,0.0003038853488590222,,
2023 H2,0,1971,-29.546477891153312,-2.2812332973508704,-3.508446678505612,0.0005891776731603115,0.014919393440764758,0.00033605306036576214,,
2023 H2,1,1971,-2.2812332973508704,-1.7440476801051399,-1.9770379779869558,0.0004138963131317284,0.01319163454869834,0.00029713601822471675,,
2023 H2,2,1971,-1.7440476801051399,-1.4468149421406866,-1.5842376488285765,0.0002813377757151693,0.011847089602876663,0.0002668507089970561,,
2023 H2,3,1971,-1.4468149421406866,-1.2515529727208106,-1.3441831183008663,0.00021116158163654851,0.011907029350639347,0.00026820082659755886,,
2023 H2,4,1970,-1.2515529727208106,-1.1027500405216586,-1.1746459650483427,0.00019947391977836519,0.012487931351138671,0.0002813567829375192,,
2023 H2,5,1971,-1.1027500405216586,-0.9798042316215978,-1.0390404759965293,0.0003273266583325055,0.012668407619047497,0.0002853505517663743,,
2023 H2,6,1971,-0.9798042316215978,-0.8762304094355172,-0.9272489005424216,0.00025902441611014873,0.01169252536144138,0.0002633692144869967,,
2023 H2,7,1971,-0.8762304094355172,-0.7848567920883734,-0.830103599062588,-5.018122205478062e-05,0.012084825924543307,0.00027220561962216795,,
2023 H2,8,1970,-0.7848567920883734,-0.7038490390032787,-0.7431791836966126,0.00033038326234109683,0.01297297397656496,0.00029228493659565614,,
2023 H2,9,1971,-0.7038490390032787,-0.6303470827150237,-0.6659653511788688,0.00041746503668288964,0.012762584503284562,0.00028747184646171384,,
2023 H2,10,1971,-0.6303470827150237,-0.5613519038090973,-0.5961513931178394,0.00011134887673345697,0.012094055919625622,0.0002724135213781534,,
2023 H2,11,1971,-0.5613519038090973,-0.4975352128953604,-0.5289487124035599,0.0009521372174334731,0.01139202546339728,0.0002566005807098756,,
2023 H2,12,1970,-0.4975352128953604,-0.4366653687019814,-0.46687431212595437,0.000513988642604476,0.01306402572812367,0.000294336359459784,,
2023 H2,13,1971,-0.4366653687019814,-0.3780635785025888,-0.4074541542824182,0.00046983155849902115,0.012157442712310075,0.0002738412822152782,,
2023 H2,14,1971,-0.3780635785025888,-0.32335963705899057,-0.35049088085996283,0.0001137248256142088,0.013108747689233905,0.00029526902658744125,,
2023 H2,15,1971,-0.32335963705899057,-0.2713137824013758,-0.2976260967473198,0.00010674398392721042,0.011550715756156507,0.00026017501279009447,,
2023 H2,16,1971,-0.2713137824013758,-0.21827217321058667,-0.2448533538033886,0.00034548874303737633,0.012542300674891546,0.0002825100459049772,,
2023 H2,17,1970,-0.21827217321058667,-0.16827844264907518,-0.19301391407492155,0.00041406371877631873,0.01217320397550692,0.00027426588217739905,,
2023 H2,18,1971,-0.16827844264907518,-0.11857888524032109,-0.14330182891460702,0.00016744407558324845,0.011017124612385826,0.00024815609676913505,,
2023 H2,19,1971,-0.11857888524032109,-0.06948894562034047,-0.09381337748926903,0.00017811214828424943,0.011751459716357089,0.0002646966860366102,,
2023 H2,20,1971,-0.06948894562034047,-0.018627230400365624,-0.0438877125280347,7.694461857041188e-05,0.013062489858893135,0.0002942270884206106,,
2023 H2,21,1970,-0.018627230400365624,0.030447537849600435,0.005569378804787885,-9.916342979877499e-05,0.011164865058318539,0.00025154770845642034,,
2023 H2,22,1971,0.030447537849600435,0.07973007885569637,0.05550400896305909,-8.355845973909662e-05,0.010086779088671095,0.0002272004552624454,,
2023 H2,23,1971,0.07973007885569637,0.12741760422415374,0.10320239319439803,-3.229791651371841e-05,0.012805014404713946,0.00028842756214030187,,
2023 H2,24,1971,0.12741760422415374,0.1771849081860824,0.15266703987906827,0.00022842328451717244,0.011381788403048586,0.0002563699952324574,,
2023 H2,25,1970,0.1771849081860824,0.22752166664712592,0.2019575517198481,2.93717348925402e-05,0.011470672445282827,0.0002584376392364255,,
2023 H2,26,1971,0.22752166664712592,0.28035641681090245,0.25423459370644447,1.9686677655004874e-06,0.010913887836281264,0.000245830731821158,,
2023 H2,27,1971,0.28035641681090245,0.33189497919262057,0.3057121320092102,-3.507261939613351e-05,0.01113673275989145,0.0002508502199701573,,
2023 H2,28,1971,0.33189497919262057,0.38667604549025475,0.3594508850640024,0.0005597706289283114,0.016605696660985915,0.000374036330939724,,
2023 H2,29,1971,0.38667604549025475,0.44332323032352944,0.4150312952152606,0.0003263091504465853,0.01142713121134776,0.00025739132291276927,,
2023 H2,30,1970,0.44332323032352944,0.501870921464512,0.4723737698146282,0.00018289269993451772,0.012600199004014807,0.0002838862063266297,,
2023 H2,31,1971,0.501870921464512,0.5671504169576054,0.5343021556902418,-0.0002023928189708978,0.01161378491721662,0.000261595619108515,,
2023 H2,32,1971,0.5671504169576054,0.6369329849009325,0.6006565248064255,-7.835742782121127e-05,0.011767495650323445,0.000265057888702564,,
2023 H2,33,1971,0.6369329849009325,0.7121325089453341,0.6742245146895117,-0.00010312039863109874,0.011089706206430629,0.00024979096663846475,,
2023 H2,34,1970,0.7121325089453341,0.7952948602470009,0.7530462679636805,-5.488066010455671e-06,0.011887574864648441,0.00026783057391978934,,
2023 H2,35,1971,0.7952948602470009,0.88981155932564,0.8414926418478321,-0.00016851530905235963,0.01283009627081137,0.00028899252062170326,,
2023 H2,36,1971,0.88981155932564,0.9912950744349449,0.9386207772842893,-0.0001965556259831278,0.013313895091062065,0.00029988988550400217,,
2023 H2,37,1971,0.9912950744349449,1.1098913796638497,1.0492973121689522,-0.0004076338582397051,0.011663186056849477,0.00026270835899469677,,
2023 H2,38,1970,1.1098913796638497,1.2619011255275276,1.1834655858552752,-0.00013322090259670831,0.012674904021271513,0.00028556933243724223,,
2023 H2,39,1971,1.2619011255275276,1.4583901629137799,1.3582585858978815,-0.0002617050622077599,0.01217954910841819,0.0002743392194870102,,
2023 H2,40,1971,1.4583901629137799,1.7546448876201939,1.591537678687349,-8.509802103015432e-05,0.012887956043642658,0.00029029578766196336,,
2023 H2,41,1971,1.7546448876201939,2.3508587906803315,2.0069918699901983,-3.0083765013679964e-05,0.014723183103425436,0.0003316335050668104,,
2023 H2,42,1971,2.3508587906803315,82.16157748304795,3.7803729062137785,-0.0006823299079104163,0.015723768233701252,0.00035417126416008,,
2024 H1,0,1958,-17.601407885114856,-2.2870777086243055,-3.299158018115752,-0.00016665478361433883,0.014364207214445857,0.00032462003316861306,,
2024 H1,1,1958,-2.2870777086243055,-1.745000364819821,-1.9799209054524873,-9.066857746982008e-05,0.014545637130486642,0.00032872020970350094,,
2024 H1,2,1958,-1.745000364819821,-1.471892494421936,-1.5979904574118566,0.00035604969315771866,0.014060585172130753,0.0003177584085780175,,
2024 H1,3,1958,-1.471892494421936,-1.2788317946876544,-1.3683198383631712,0.0006021089267583269,0.013350461030819376,0.0003017101492578303,,
2024 H1,4,1958,-1.2788317946876544,-1.1310255511419813,-1.2017362743566955,-9.510287462303766e-05,0.014548740722577645,0.0003287903484972737,,
2024 H1,5,1958,-1.1310255511419813,-1.0086099896532112,-1.0691505152127316,-7.903831025905736e-05,0.014264166213029157,0.0003223591834946087,,
2024 H1,6,1958,-1.0086099896532112,-0.9068045336973986,-0.9568229778356976,0.00039247039079712596,0.012503652508950577,0.0002825729280835172,,
2024 H1,7,1958,-0.9068045336973986,-0.8134820220303808,-0.8592300410058322,0.0004934147146764389,0.0137589082782959,0.00031094074284674164,,
2024 H1,8,1958,-0.8134820220303808,-0.7330954832743585,-0.7721636464939976,0.0001397171145594196,0.01297474489164193,0.0002932192535375912,,
2024 H1,9,1958,-0.7330954832743585,-0.657651354384797,-0.6950414460657243,-2.037473272459431e-07,0.01295358301238047,0.0002927410113453693,,
2024 H1,10,1958,-0.657651354384797,-0.5879828228680841,-0.6228823741088934,0.0005122672641704868,0.01354997198929517,0.00030621894344264126,,
2024 H1,11,1958,-0.5879828228680841,-0.5270914386124347,-0.5572149848261102,-4.610341190983598e-05,0.012738045759394,0.00028787003523308004,,
2024 H1,12,1958,-0.5270914386124347,-0.4653194675861946,-0.49603619867628296,-0.0002018964924167943,0.01282596193190438,0.00028985687310100465,,
2024 H1,13,1958,-0.4653194675861946,-0.40719846575047813,-0.4353666058773844,0.00018371344045831664,0.013165099392948838,0.00029752111883412486,,
2024 H1,14,1957,-0.40719846575047813,-0.3514025485942347,-0.37948947049687254,-8.740409280965158e-05,0.014272578401208071,0.00032263169107064215,,
2024 H1,15,1958,-0.3514025485942347,-0.2972163449283348,-0.32420586733840767,5.8967495386374466e-05,0.014019659732436377,0.0003168335251234216,,
2024 H1,16,1958,-0.2972163449283348,-0.2437554306883652,-0.27084355998722526,-8.779110902550697e-05,0.013519283085022926,0.00030552539781397996,,
2024 H1,17,1958,-0.2437554306883652,-0.19272035557467043,-0.21800970958621554,-4.100073161592626e-05,0.013136233994843611,0.00029686878304207914,,
2024 H1,18,1958,-0.19272035557467043,-0.14124151623259895,-0.16655792076878426,-8.222257963555199e-05,0.013235424057642406,0.00029911040215791586,,
2024 H1,19,1958,-0.14124151623259895,-0.09079467877058675,-0.11605265142424373,-0.000375288724618585,0.012183540815143199,0.00027533865005410345,,
2024 H1,20,1958,-0.09079467877058675,-0.03866784810482746,-0.06488104337959372,8.734044058887277e-05,0.012605277754515429,0.00028486958045656664,,
2024 H1,21,1958,-0.03866784810482746,0.011109956690877014,-0.01368187245659543,-0.000303928790714927,0.012715692100863336,0.0002873648597461679,,
2024 H1,22,1958,0.011109956690877014,0.06251531677076966,0.03688620085157988,0.00019145799556561987,0.012438963484503539,0.0002811110058939985,,
2024 H1,23,1958,0.06251531677076966,0.11260583457044096,0.08755175755956154,6.142621097677463e-05,0.012345470589318007,0.00027899813838359145,,
2024 H1,24,1958,0.11260583457044096,0.16440628839135382,0.1388515935090965,0.00039650029755825445,0.012882274706307652,0.00029112949848308787,,
2024 H1,25,1958,0.16440628839135382,0.21901389250799227,0.19134495563157858,-8.36335082293911e-05,0.012797079047168414,0.0002892041421245561,,
2024 H1,26,1958,0.21901389250799227,0.27455131989351794,0.24669751503002219,-0.00012168113810155672,0.012057081525221303,0.00027248076738253904,,
2024 H1,27,1958,0.27455131989351794,0.32719968694082535,0.30071515967524,2.1586674637940344e-05,0.013375703534035142,0.00030228061041233937,,
2024 H1,28,1957,0.32719968694082535,0.3855821572493599,0.3560364256855654,0.0003227463805781223,0.012140472425165088,0.00027443542707013437,,
2024 H1,29,1958,0.3855821572493599,0.44556105617845615,0.4150805375641627,0.00027121374502531636,0.01354043995589326,0.00030600352682041515,,
2024 H1,30,1958,0.44556105617845615,0.5070968351599842,0.47612934762712156,-0.00014757752068452674,0.012470537193183655,0.00028182454742162893,,
2024 H1,31,1958,0.5070968351599842,0.5726486649848034,0.539076744724408,0.00029018837150445614,0.013546481890849739,0.00030614006990258415,,
2024 H1,32,1958,0.5726486649848034,0.6412527562639345,0.6062604267377345,0.00015060968422101191,0.012912790452174161,0.00029181913086498423,,
2024 H1,33,1958,0.6412527562639345,0.7187745448585205,0.6803148325063533,0.0003747126296891493,0.012677702745718755,0.0002865063295437711,,
2024 H1,34,1958,0.7187745448585205,0.8064680885354449,0.7614849751838869,-0.0001607999786809051,0.01233313638403422,0.00027871939483244693,,
2024 H1,35,1958,0.8064680885354449,0.9055459886354452,0.8553647794168582,-0.0001788208702198663,0.012077885332469484,0.000272950917422713,,
2024 H1,36,1958,0.9055459886354452,1.0132524489953114,0.9588790190195619,0.000692793853112317,0.013745553653959257,0.00031063893860997486,,
2024 H1,37,1958,1.0132524489953114,1.1437818050248962,1.0763306311996343,-0.00013007836494415484,0.013445420852988752,0.000303856168189617,,
2024 H1,38,1958,1.1437818050248962,1.2995711304545885,1.2196332029789247,-0.0003071205252243506,0.013481572641235104,0.00030467317079368924,,
2024 H1,39,1958,1.2995711304545885,1.5088317749206699,1.4004621716586705,-7.947413161144946e-05,0.013629149973980199,0.0003080083049876926,,
2024 H1,40,1958,1.5088317749206699,1.813183751248016,1.651954648012233,-0.0006107033804045044,0.014010270518740259,0.00031662133611668023,,
2024 H1,41,1958,1.813183751248016,2.370162880258126,2.057210541951709,0.00027707243656466084,0.015037366436583974,0.00033983291375129293,,
2024 H1,42,1958,2.370162880258126,17.37486831386539,3.3772595561651713,-0.0005255839973784308,0.014844263363296278,0.0003354689328423729,,
2024 H2,0,1992,-17.412509320926585,-2.3493140892949054,-3.2711948501746972,0.0028688710298511565,0.016275847214367357,0.00036466907658090826,,
2024 H2,1,1992,-2.3493140892949054,-1.785113813456111,-2.0287045093371474,0.0006260395382615674,0.014042364961788931,0.0003146267101295542,,
2024 H2,2,1992,-1.785113813456111,-1.4920673339075583,-1.6281308651402313,0.0012126813685175313,0.014337300289505176,0.0003212348941578749,,
2024 H2,3,1992,-1.4920673339075583,-1.2933365799564596,-1.3913050765371202,0.0009816719398606523,0.012779919495996836,0.0002863409431165924,,
2024 H2,4,1992,-1.2933365799564596,-1.1396266526478083,-1.2129270011077165,0.0004593701474303462,0.012873698313916123,0.00028844210777383296,,
2024 H2,5,1992,-1.1396266526478083,-1.015441808381064,-1.0759343211750891,0.00020119831234782423,0.012306121860290493,0.00027572525325273513,,
2024 H2,6,1992,-1.015441808381064,-0.9119412293300609,-0.9638375442278826,0.0004397136361979978,0.0130350095406391,0.0002920563722306333,,
2024 H2,7,1992,-0.9119412293300609,-0.8180211274557974,-0.8643389000724744,0.0002718169890808652,0.01292668725756495,0.0002896293534449743,,
2024 H2,8,1992,-0.8180211274557974,-0.7369759182790062,-0.7769283463915326,0.0007357442576514945,0.012857163939596655,0.00028807164625895703,,
2024 H2,9,1992,-0.7369759182790062,-0.660375460348157,-0.6987173919043514,-0.00013333125681601796,0.012564916888981625,0.00028152369451932654,,
2024 H2,10,1992,-0.660375460348157,-0.5905530149406542,-0.6245516423737724,0.0002777176938103183,0.01319521260905281,0.00029564580780682163,,
2024 H2,11,1992,-0.5905530149406542,-0.5225154814516981,-0.5563592836263755,0.0006519135272787535,0.014051975496074374,0.0003148420392990384,,
2024 H2,12,1992,-0.5225154814516981,-0.4589394897148242,-0.4909261450456957,6.489049682341464e-05,0.013987846187280505,0.00031340518777840063,,
2024 H2,13,1992,-0.4589394897148242,-0.4002120913228906,-0.4292480783016733,0.00023525918954276156,0.013639196945551118,0.00030559351472952506,,
2024 H2,14,1992,-0.4002120913228906,-0.34513915139062057,-0.3720205507077174,5.3817783225956994e-05,0.013138681176451688,0.00029437919077282483,,
2024 H2,15,1992,-0.34513915139062057,-0.2898948144454706,-0.31744097001620203,0.00022562386772413578,0.013664268896863582,0.00030615526523091385,,
2024 H2,16,1992,-0.2898948144454706,-0.23732473316980232,-0.26381084310921615,0.0002055884468575161,0.012606892553989635,0.00028246418178218486,,
2024 H2,17,1992,-0.23732473316980232,-0.18512775328168693,-0.21132885852446837,-3.741118057757857e-05,0.012850679804648315,0.000287926365741581,,
2024 H2,18,1992,-0.18512775328168693,-0.1343581174191976,-0.1599261913435128,0.00033395686204137784,0.013503179824140963,0.00030254597825350987,,
2024 H2,19,1992,-0.1343581174191976,-0.08457536151908382,-0.10916463790584408,-0.00015493699113874843,0.012593373898244456,0.0002821612890576293,,
2024 H2,20,1992,-0.08457536151908382,-0.033024468598688864,-0.05872287394514003,-1.506865001794966e-05,0.011764981027403365,0.0002636007029770988,,
2024 H2,21,1992,-0.033024468598688864,0.01834160257816685,-0.007534187017268827,-5.758558577191753e-05,0.01260054267527361,0.0002823219093476213,,
2024 H2,22,1992,0.01834160257816685,0.06872896297839878,0.04345569360797909,0.0005037845554225051,0.013432976541296484,0.0003009730360901523,,
2024 H2,23,1992,0.06872896297839878,0.12040867547757296,0.09464448394279219,8.781129116345128e-05,0.014951965953579654,0.00033500680766700174,,
2024 H2,24,1992,0.12040867547757296,0.17405194499664967,0.14694962506002357,-0.0006375895014428837,0.012135412251853897,0.0002719004130184824,,
2024 H2,25,1992,0.17405194499664967,0.22706141073591665,0.20005204701786358,-0.0005972854320245648,0.013645170388436574,0.0003057273529176303,,
2024 H2,26,1992,0.22706141073591665,0.27926106035652637,0.2528762767194234,-0.00010311792252785254,0.013633662407758871,0.0003054695104451755,,
2024 H2,27,1992,0.27926106035652637,0.33462643403825937,0.3070350667843248,0.0004544382166902534,0.013671283959650265,0.0003063124414709512,,
2024 H2,28,1992,0.33462643403825937,0.3912584285642464,0.36253997105722846,0.0002086600170060927,0.01301547630996125,0.00029161871973241836,,
2024 H2,29,1992,0.3912584285642464,0.4507902685932097,0.42093090482032897,8.6286571374036e-05,0.012198449097667194,0.0002733127873207563,,
2024 H2,30,1992,0.4507902685932097,0.5131972668321728,0.48248067900813457,-0.0001383990202681699,0.013288765503624619,0.0002977419105304241,,
2024 H2,31,1992,0.5131972668321728,0.5815359095913507,0.5472581705326266,-0.0002865627391516949,0.012802812458087114,0.00028685387219707026,,
2024 H2,32,1992,0.5815359095913507,0.6496972159757974,0.6154440932696424,-0.0005772411104797965,0.013469073745859901,0.0003017818132973796,,
2024 H2,33,1992,0.6496972159757974,0.7248896422984556,0.6868707170935724,-0.00024942250475822747,0.01289629569652524,0.00028894841423767945,,
2024 H2,34,1992,0.7248896422984556,0.8133092680903751,0.7671389842670921,-0.00020049217560408277,0.013395419423445614,0.0003001315487435749,,
2024 H2,35,1992,0.8133092680903751,0.9112339049346491,0.8608020672992523,-0.00045689201756484316,0.01240888170799857,0.00027802764269395695,,
2024 H2,36,1992,0.9112339049346491,1.0195682284738234,0.9640590043028957,-0.0007861811976099409,0.012618575605545829,0.000282725946811466,,
2024 H2,37,1992,1.0195682284738234,1.143093308896243,1.0800905312594078,-0.0004168327001187232,0.013445694572076896,0.0003012579903834395,,
2024 H2,38,1992,1.143093308896243,1.3025480697303704,1.220693101318109,-0.0003670255116807478,0.01281286491639811,0.00028707910291110665,,
2024 H2,39,1992,1.3025480697303704,1.513653644627053,1.4022978217555948,-0.0004794473331926971,0.013299939364201596,0.00029799226686301814,,
2024 H2,40,1992,1.513653644627053,1.8247571977263704,1.6554809246986104,-0.00031068764914907876,0.015263562659301873,0.0003419882987958365,,
2024 H2,41,1992,1.8247571977263704,2.401080565518854,2.0718147963855036,-0.00018598353056060288,0.014937501900025515,0.000334682732798042,,
2024 H2,42,1992,2.401080565518854,18.36315968086624,3.407393695162128,-0.0009437131894761173,0.014576293599003932,0.00032658966729724135,,
2025 H1,0,1960,-12.882995593428216,-2.2965398253368363,-3.301890345389222,-0.0005024468740854706,0.025974747600042904,0.0005867097433151994,,
2025 H1,1,1959,-2.2965398253368363,-1.7910259619264446,-2.0131249057559035,-0.0002322795604457141,0.0140256953667203,0.0003168890145373872,,
2025 H1,2,1959,-1.7910259619264446,-1.4998193656630059,-1.6365648820012553,-0.00019914119045094243,0.014667465605784465,0.00033138882601190537,,
2025 H1,3,1959,-1.4998193656630059,-1.306608603994168,-1.3979410489212674,-9.115262901910232e-05,0.013245368480047218,0.00029925872871772006,,
2025 H1,4,1959,-1.306608603994168,-1.1525229517336086,-1.2253930344104378,-0.0003387326108938723,0.012582118849156478,0.0002842736234213401,,
2025 H1,5,1959,-1.1525229517336086,-1.0212147069075612,-1.0833682925178383,-3.5168154359426526e-05,0.014317814583317209,0.00032348899894133154,,
2025 H1,6,1959,-1.0212147069075612,-0.9152864244258421,-0.9666119439481435,0.0006627337424688716,0.013418655048296056,0.0003031738722032427,,
2025 H1,7,1959,-0.9152864244258421,-0.8229084605597553,-0.8688162235370956,0.0001394142240584584,0.01296476325780062,0.0002929188853069786,,
2025 H1,8,1959,-0.8229084605597553,-0.7391812385503302,-0.7804801236488861,0.00019749736646135525,0.012723303315881613,0.00028746346929769295,,
2025 H1,9,1959,-0.7391812385503302,-0.6619816580019429,-0.7000142242815659,0.0001885840118551103,0.012157721241394272,0.0002746850122202943,,
2025 H1,10,1960,-0.6619816580019429,-0.5892677015650267,-0.6245975742844377,0.0006039280562627952,0.012031656962820703,0.00027176742877383747,,
2025 H1,11,1959,-0.5892677015650267,-0.5246497405477558,-0.5562036066994098,8.960569330506537e-05,0.011781664210965586,0.0002661885820136921,,
2025 H1,12,1959,-0.5246497405477558,-0.4654359420672106,-0.49473773522655157,0.0004525223101721064,0.014165494215370146,0.00032004755450448406,,
2025 H1,13,1959,-0.4654359420672106,-0.4076657980283456,-0.4365881687874085,0.0001710240927236212,0.013423971078609785,0.0003032939797318409,,
2025 H1,14,1959,-0.4076657980283456,-0.3500874238992449,-0.3787768420492829,0.00026313857150270155,0.01582426698638878,0.0003575249739839334,,
2025 H1,15,1959,-0.3500874238992449,-0.2972125052782376,-0.3240077467854626,0.0004133846236291414,0.014293833721505174,0.00032294718825254357,,
2025 H1,16,1959,-0.2972125052782376,-0.24586966068640853,-0.2707099478670953,0.00021494074275903003,0.0173971451483336,0.00039306173688188743,,
2025 H1,17,1959,-0.24586966068640853,-0.1942987929119246,-0.22015043810187448,0.00048475186010846823,0.017167624111441855,0.00038787606206901486,,
2025 H1,18,1959,-0.1942987929119246,-0.14184818756419504,-0.16859742522865015,-0.0003417024235680961,0.010906727305301808,0.0002464207283302267,,
2025 H1,19,1959,-0.14184818756419504,-0.09030161509159085,-0.115726450213295,-0.00016936022998546567,0.011491399820122723,0.0002596305045448387,,
2025 H1,20,1959,-0.09030161509159085,-0.040369822634374566,-0.06519768315765692,-0.0001724289167991304,0.013196161251652006,0.00029814696707549347,,
2025 H1,21,1960,-0.040369822634374566,0.011010485247202911,-0.014445132111875982,-0.0002861719570874931,0.012888257075371263,0.00029111605305681145,,
2025 H1,22,1959,0.011010485247202911,0.06088477095376085,0.035670206700433624,-1.9576619896715543e-05,0.011801458173517732,0.0002666357961533791,,
2025 H1,23,1959,0.06088477095376085,0.11314683979392748,0.08677912627021173,-0.0005784694234092204,0.013409668165703643,0.0003029708274133758,,
2025 H1,24,1959,0.11314683979392748,0.16511064096907785,0.13876930781530264,0.00014873320351085816,0.01378516598159998,0.00031145462302772155,,
2025 H1,25,1959,0.16511064096907785,0.21775409359825126,0.19176554820708397,-0.00033606282868783177,0.012922042002904111,0.00029195366426017916,,
2025 H1,26,1959,0.21775409359825126,0.2724478797810674,0.2451121902498557,-0.00041950357403238006,0.012080974076484325,0.0002729510280704205,,
2025 H1,27,1959,0.2724478797810674,0.3296046641356012,0.3005018809582135,-0.00022707145944182537,0.011784282358838117,0.00026624773503801976,,
2025 H1,28,1959,0.3296046641356012,0.38710747947670493,0.3581996754439243,-0.0005711452136185556,0.012661586661573618,0.00028606907641713674,,
2025 H1,29,1959,0.38710747947670493,0.4480355702366666,0.4173557763749928,-0.0005456103941812964,0.01282463888618119,0.0002897529906490558,,
2025 H1,30,1959,0.4480355702366666,0.5153260134807486,0.4817814752574501,0.0002617949118349678,0.015175820852246861,0.00034287433092801905,,
2025 H1,31,1959,0.5153260134807486,0.5846968793662428,0.5499805750333784,-0.00038132450783646455,0.01250566367880856,0.00028254623643949196,,
2025 H1,32,1960,0.5846968793662428,0.6582726343568917,0.62134451403419,-9.5199829211969e-05,0.014689942286854517,0.0003318119737348774,,
2025 H1,33,1959,0.6582726343568917,0.7418329415133527,0.6994608264464688,-0.00020381209297612183,0.012987928893843904,0.0002934422772233827,,
2025 H1,34,1959,0.7418329415133527,0.8281852144760468,0.7831464119406568,0.00022876639326985788,0.013625749116327126,0.0003078528441485923,,
2025 H1,35,1959,0.8281852144760468,0.9262787265404432,0.8763694097250497,-8.531896578431825e-05,0.012291569258481959,0.00027770910230094306,,
2025 H1,36,1959,0.9262787265404432,1.0378510625417166,0.9804949978114446,-0.00032809722257730827,0.01214200230629225,0.0002743298670582315,,
2025 H1,37,1959,1.0378510625417166,1.1710808564679624,1.1019451281744201,-0.0004914325687797851,0.011920536990651218,0.00026932619887688644,,
2025 H1,38,1959,1.1710808564679624,1.3315484279559782,1.2479330926682999,-0.00010159148571947603,0.013646925774356188,0.0003083312981659202,,
2025 H1,39,1959,1.3315484279559782,1.5301037405168565,1.4258841605035073,-0.0003368762550947728,0.012746350747117137,0.0002879841905582711,,
2025 H1,40,1959,1.5301037405168565,1.8184475179506803,1.6620298438139935,-0.0009994566333678138,0.0131961603310235,0.00029814694627530833,,
2025 H1,41,1959,1.8184475179506803,2.3582714684613095,2.054752512789102,-0.0007688854032520271,0.015304268863970464,0.00034577641619296497,,
2025 H1,42,1960,2.3582714684613095,35.121623088755946,3.4062563603327245,-0.0008654372137801537,0.015460453552869013,0.0003492160491879181,,
2025 H2,0,1986,-22.201340031811903,-2.2865815899174566,-3.32492608033368,0.00022476525751856537,0.01215323175713904,0.00027271068718275835,,
2025 H2,1,1985,-2.2865815899174566,-1.761971673501912,-1.9887149949752496,0.0003179716301827152,0.012370045563837478,0.00027764575880258937,,
2025 H2,2,1985,-1.761971673501912,-1.484247017241642,-1.612070588896997,0.00035177118130757065,0.012847959022477491,0.0002883725297090752,,
2025 H2,3,1986,-1.484247017241642,-1.289357705968831,-1.3816215239520435,1.1627517726216838e-05,0.012098156134817411,0.0002714748257172246,,
2025 H2,4,1985,-1.289357705968831,-1.142668701077481,-1.213231250953286,-0.0005363669948831642,0.011468223445881469,0.0002574043550864354,,
2025 H2,5,1985,-1.142668701077481,-1.0149142043398574,-1.0771954999302495,-0.0002460245827937366,0.0121854940055768,0.00027350349779255064,,
2025 H2,6,1986,-1.0149142043398574,-0.9095820008114216,-0.9606402789675862,-8.875094696128993e-05,0.012496490328919616,0.00028041318828388845,,
2025 H2,7,1985,-0.9095820008114216,-0.8188087305087254,-0.8633914431990742,-0.00011771858162050904,0.011916936238153165,0.0002674757168329846,,
2025 H2,8,1985,-0.8188087305087254,-0.7339105056710571,-0.7756402192629589,0.00010559568749732728,0.011963087665991454,0.0002685115859521287,,
2025 H2,9,1986,-0.7339105056710571,-0.6559036522566387,-0.6948767007274933,-0.00031093406684494247,0.011757606703829132,0.0002638331159892786,,
2025 H2,10,1985,-0.6559036522566387,-0.5855019962073177,-0.6198214829427173,-7.55083959320832e-05,0.01175096884561066,0.00026375057755187627,,
2025 H2,11,1985,-0.5855019962073177,-0.5200044067108147,-0.5519837227922276,-0.00030435009293049083,0.01289565401799542,0.00028944304421553544,,
2025 H2,12,1986,-0.5200044067108147,-0.45599402029265307,-0.4885963838189341,-1.817545882698691e-05,0.012194485855459031,0.0002736364025584518,,
2025 H2,13,1985,-0.45599402029265307,-0.3955221462141228,-0.4261171428948968,5.690398519513306e-05,0.013566333369773358,0.0003044964469355693,,
2025 H2,14,1985,-0.3955221462141228,-0.33787748252765376,-0.3667143534643472,0.0004067187927839036,0.011454226518448166,0.00025709019395274603,,
2025 H2,15,1986,-0.33787748252765376,-0.2829030362206043,-0.3099196807753149,0.000317782731245482,0.011197027277771658,0.0002512540749937963,,
2025 H2,16,1985,-0.2829030362206043,-0.22849635818211195,-0.25552625181796024,-8.792524732821965e-05,0.011679915397656776,0.0002621557824178657,,
2025 H2,17,1985,-0.22849635818211195,-0.17645662463472306,-0.20297345061773864,1.4988410664309885e-05,0.012047955464529178,0.00027041644428117125,,
2025 H2,18,1986,-0.17645662463472306,-0.12479909776794393,-0.15069353865908525,-0.00011432983700986598,0.013125034993345434,0.000294517325420904,,
2025 H2,19,1985,-0.12479909776794393,-0.07553280292317904,-0.09960611682173184,0.00022574376678577356,0.011524299953952996,0.0002586629927005145,,
2025 H2,20,1985,-0.07553280292317904,-0.02635557529070551,-0.05178686839882008,-0.00043286862174499386,0.012413775660755449,0.0002786272811323692,,
2025 H2,21,1986,-0.02635557529070551,0.020786377315298765,-0.0027389518471145485,0.0002572205123051868,0.011952850901806046,0.0002682142699459168,,
2025 H2,22,1985,0.020786377315298765,0.07182338024669442,0.04650938316046281,0.00014997364726217555,0.011545706730656965,0.0002591434679526725,,
2025 H2,23,1985,0.07182338024669442,0.1214684664322974,0.09624215712561143,9.736365655626901e-05,0.012862260189790347,0.0002886935195089793,,
2025 H2,24,1986,0.1214684664322974,0.17254432451271146,0.1474828358789883,0.0002703493608942779,0.01082901648865008,0.0002429961500897426,,
2025 H2,25,1985,0.17254432451271146,0.22208848802570086,0.1969394085782942,-0.00013817936748008168,0.011073651119117026,0.0002485481764651311,,
2025 H2,26,1985,0.22208848802570086,0.27475999073100343,0.24831400407898943,0.00029936215221471464,0.011217330727396729,0.0002517730662732897,,
2025 H2,27,1986,0.27475999073100343,0.3278565474035708,0.3017776482537791,-7.121658336080824e-05,0.011122394718562691,0.00024957936847006614,,
2025 H2,28,1985,0.3278565474035708,0.3847086420230621,0.35667169929919823,-0.00011028826382435353,0.011493284759664048,0.0002579668564487663,,
2025 H2,29,1985,0.3847086420230621,0.4432740010266902,0.4137466854998799,-0.00031714003766321525,0.011470886807296778,0.00025746413425194474,,
2025 H2,30,1986,0.4432740010266902,0.5061065392031651,0.4753281079873113,0.00021008609079359872,0.011331146061861528,0.0002542636140616067,,
2025 H2,31,1985,0.5061065392031651,0.5758458796622569,0.5407753354107647,0.00023704731627556335,0.011478071163521682,0.0002576253871774313,,
2025 H2,32,1985,0.5758458796622569,0.6464219659124714,0.6110391557713938,-0.0004921598589491028,0.0116404196519655,0.00026126930013084927,,
2025 H2,33,1986,0.6464219659124714,0.7230326867404152,0.6839629094257905,-0.0006591317238551222,0.011993989484471385,0.00026913739322477633,,
2025 H2,34,1985,0.7230326867404152,0.8089655022145276,0.7649821856970566,-0.0005131691738046729,0.011732543057262216,0.0002633370106041121,,
2025 H2,35,1985,0.8089655022145276,0.9033435644425485,0.854097552398388,-0.00010775291260319844,0.011117681830083163,0.000249536446079315,,
2025 H2,36,1986,0.9033435644425485,1.010643881883603,0.954287671140131,0.00010158862514129226,0.010347375310097875,0.000232188432488099,,
2025 H2,37,1985,1.010643881883603,1.1369998914791022,1.0719762382639597,-4.228001734254081e-05,0.011648245850023681,0.0002614449592007524,,
2025 H2,38,1985,1.1369998914791022,1.2983013042652882,1.2136016368716633,0.00033961789300545844,0.011999348078173131,0.00026932545115599727,,
2025 H2,39,1986,1.2983013042652882,1.4999706767230376,1.393758902134572,-4.039931819448141e-05,0.011503082277888025,0.00025812175192659444,,
2025 H2,40,1985,1.4999706767230376,1.8147711386513914,1.6473741078309236,-0.0003256032521999732,0.011455879694224493,0.00025712729949455536,,
2025 H2,41,1985,1.8147711386513914,2.3928185184335624,2.064222561415038,-0.00056688721559181,0.011746715228591265,0.00026365510508826156,,
2025 H2,42,1986,2.3928185184335624,39.72495137214844,3.5682782782351152,-0.0013539304351380037,0.012191900691038794,0.00027357839313514685,,
2026 H1,0,1995,-19.294888839069593,-2.27676236167026,-3.449782747593077,0.0003392487463452217,0.011911528150187659,0.00026668342949135343,,
2026 H1,1,1995,-2.27676236167026,-1.7407527379042846,-1.9727812612971412,0.00043095152650927514,0.01172459307062492,0.000262498199226902,,
2026 H1,2,1995,-1.7407527379042846,-1.4620204245555164,-1.5923075666120925,0.00011039906910693138,0.010672500062494723,0.0002389432222319801,,
2026 H1,3,1995,-1.4620204245555164,-1.2676358220306072,-1.3583724486467288,0.00013800729722651496,0.011674302036083769,0.00026137224918967774,,
2026 H1,4,1995,-1.2676358220306072,-1.111531290171528,-1.1883754660047765,-0.0003513096983510295,0.009973368797377234,0.00022329059386261147,,
2026 H1,5,1995,-1.111531290171528,-0.9907420704360931,-1.0480623772786073,6.410744807407664e-05,0.011532664540251645,0.0002582011721744685,,
2026 H1,6,1994,-0.9907420704360931,-0.879575288726475,-0.934192087513663,-7.348109703314626e-05,0.010375722992688198,0.00023235701659295592,,
2026 H1,7,1995,-0.879575288726475,-0.7851578765598284,-0.8311365132115263,0.00013628572683486819,0.013186872040192721,0.00029523669974173986,,
2026 H1,8,1995,-0.7851578765598284,-0.7011467030426252,-0.741997739540301,-0.0009338115892481917,0.011649059967753391,0.00026080711251998064,,
2026 H1,9,1995,-0.7011467030426252,-0.6241412755858661,-0.661372791186872,-9.657553198079294e-05,0.011366482977023697,0.0002544805858113187,,
2026 H1,10,1995,-0.6241412755858661,-0.5519259751774532,-0.5869139724618315,0.0003226650736320909,0.010243626725753945,0.0002293413129876462,,
2026 H1,11,1995,-0.5519259751774532,-0.4840471394124768,-0.5174454024108796,-0.0001971807085905656,0.011003933155690631,0.0002463635727383104,,
2026 H1,12,1994,-0.4840471394124768,-0.42048353534430827,-0.45161706648421046,-0.0004605009618232484,0.011818194386252666,0.000264660148602698,,
2026 H1,13,1995,-0.42048353534430827,-0.36050729218422833,-0.3901658138038814,-0.00028935445647147566,0.01111753311270909,0.00024890692618093947,,
2026 H1,14,1995,-0.36050729218422833,-0.301986219140961,-0.33168563548046237,0.00015642808435225602,0.011058687351501383,0.00024758944707901134,,
2026 H1,15,1995,-0.301986219140961,-0.24643896799513634,-0.2740170635609773,7.763206481522658e-05,0.0111265717485144,0.0002491092893340203,,
2026 H1,16,1995,-0.24643896799513634,-0.19569770852239632,-0.22061683150235128,-5.044403291701512e-05,0.009895228257959984,0.0002215411300850551,,
2026 H1,17,1995,-0.19569770852239632,-0.1433714404964601,-0.16915460202811225,0.0002871206787650065,0.01028969896940279,0.0002303728098523404,,
2026 H1,18,1994,-0.1433714404964601,-0.09379382174615844,-0.11875321942003719,-0.0001321469423071225,0.009718494108368569,0.00021763883812126367,,
2026 H1,19,1995,-0.09379382174615844,-0.04719682159308012,-0.06993921751959307,1.2694497892409234e-05,0.010938465537717183,0.0002448978389834425,,
2026 H1,20,1995,-0.04719682159308012,-7.332364979850767e-05,-0.02454334868524626,-0.0001293937308689196,0.009608702273501104,0.00021512619060706068,,
2026 H1,21,1995,-7.332364979850767e-05,0.04162817535282893,0.01736746877523557,-9.589380726312175e-06,0.009856674674877585,0.00022067796612943518,,
2026 H1,22,1995,0.04162817535282893,0.08585106940906238,0.06342087126980969,9.892812316899304e-05,0.010312203476754985,0.00023087665613671509,,
2026 H1,23,1995,0.08585106940906238,0.13400648330757237,0.109939582743887,9.195773648299095e-05,0.010312892375243556,0.0002308920796666927,,
2026 H1,24,1994,0.13400648330757237,0.1876102843187027,0.16104009807038147,-2.958305541546295e-05,0.009764862788746293,0.0002186772320956896,,
2026 H1,25,1995,0.1876102843187027,0.2410982420202212,0.214551962254176,-8.58609930055413e-05,0.01008686539331372,0.00022583163318672705,,
2026 H1,26,1995,0.2410982420202212,0.2967360318043489,0.2684215563256028,-0.0006536969301389211,0.010576125159847101,0.00023678551507376315,,
2026 H1,27,1995,0.2967360318043489,0.35607601424591634,0.32647059824937325,0.00013956647839148784,0.010749963042259215,0.0002406775163411611,,
2026 H1,28,1995,0.35607601424591634,0.41678982734084513,0.3860846969812021,-0.0004753069769302862,0.009553841128338977,0.00021389792181121954,,
2026 H1,29,1994,0.41678982734084513,0.4810965875657805,0.44870268391733353,-0.00030821948017016685,0.009989051518024603,0.00022369778096014787,,
2026 H1,30,1995,0.4810965875657805,0.548221185353386,0.5141541216183282,0.00016893962158894265,0.009889556591886856,0.0002214141489504567,,
2026 H1,31,1995,0.548221185353386,0.620426648904969,0.5841625466347335,-0.0005410465539671148,0.010558849969750053,0.0002363987463164628,,
2026 H1,32,1995,0.620426648904969,0.7031638962128537,0.6612485647359971,-0.0003255572337870413,0.009708164311519727,0.00021735301466091543,,
2026 H1,33,1995,0.7031638962128537,0.7924570397475409,0.7480957242995778,-0.00034188449562672947,0.009488692802349869,0.00021243933658341883,,
2026 H1,34,1995,0.7924570397475409,0.8908155368587745,0.8408916987438679,-0.00021208214292654649,0.010413234430557056,0.00023313860614892188,,
2026 H1,35,1995,0.8908155368587745,1.0034359672402262,0.9459246456950318,-9.146236986682068e-05,0.009619257983608171,0.00021536251905598645,,
2026 H1,36,1994,1.0034359672402262,1.1295863336490313,1.0654935257823688,-0.00018824286776521242,0.01003313492368857,0.00022468499781516167,,
2026 H1,37,1996,1.1295863336490313,1.2818581612707334,1.2040502448899366,-0.0005741145601998808,0.009266795783965519,0.00020741937625533654,,
2026 H1,38,1994,1.2818581612707334,1.4941512423615109,1.382468214594818,-0.00020421534231379886,0.009705865811386188,0.00021735603629496745,,
2026 H1,39,1995,1.4941512423615109,1.8047380885383382,1.6318947282071494,-4.42313207644967e-05,0.011563850110364678,0.00025889937602233126,,
2026 H1,40,1995,1.8047380885383382,2.4096190983660657,2.070830504332646,-6.99444728756527e-05,0.011410843151631189,0.00025547375170472883,,
2026 H1,41,1995,2.4096190983660657,21.55290118476454,3.511218435342748,-0.0007723083598189556,0.013579342269162393,0.0003040235913408031,,
2026 H2,0,1863,-16.353686382806668,-1.3719485232052702,-2.2011594807903943,-0.0004981644592581973,0.016742823120234847,0.0003879022169530015,,
2026 H2,1,1862,-1.3719485232052702,-0.9169712544287447,-1.1158068888645682,0.0003981494010821256,0.013444073389185317,0.0003115595272828442,,
2026 H2,2,1863,-0.9169712544287447,-0.6433922484309567,-0.772756088782282,0.00028700323044644814,0.014755711046189255,0.00034186427142129537,,
2026 H2,3,1862,-0.6433922484309567,-0.4186161776133213,-0.5259282914514459,-0.00022694890979988992,0.013457388511154527,0.00031186809842689774,,
2026 H2,4,1862,-0.4186161776133213,-0.23143977352007092,-0.3231660256221134,0.00018034006212160717,0.013654856560340647,0.00031644431950788226,,
2026 H2,5,1863,-0.23143977352007092,-0.07614955938004155,-0.15196142208109123,-0.00022309161234689882,0.015605160986697082,0.0003615445554897183,,
2026 H2,6,1862,-0.07614955938004155,0.05800135494297093,-0.008998211303289289,-0.00034343515142519227,0.01209580252619758,0.00028031403935954843,,
2026 H2,7,1863,0.05800135494297093,0.20529955122750174,0.13037740706160397,0.00023089479088648284,0.012770468029867851,0.0002958696287202779,,
2026 H2,8,1862,0.20529955122750174,0.3920809941626297,0.29559259249865566,5.28200055176495e-05,0.012920130268381317,0.0002994174133330568,,
2026 H2,9,1862,0.3920809941626297,0.6313548831019631,0.5067524790033405,-6.108474294121118e-06,0.01632539940471973,0.00037833278456584854,,
2026 H2,10,1863,0.6313548831019631,0.9410772125229654,0.7764181310705955,-0.00019653047125609197,0.01639706529963896,0.0003798916070233123,,
2026 H2,11,1862,0.9410772125229654,1.4159428004671903,1.1534649823625125,-3.186864685652347e-05,0.01287484301521231,0.00029836790439474465,,
2026 H2,12,1863,1.4159428004671903,12.38649760689403,2.3938371508360503,-0.0006259073850532784,0.015725354379449087,0.0003643292282522979,,
