symbol,holding_hours,arithmetic_contribution,log_return_contribution,mean_hourly_return,hourly_volatility,positive_hour_rate,worst_hour,best_hour,share_of_rank_1_hours,share_of_arithmetic_contribution
GMTUSDT,351,2.1313454157397027,1.9849763760745587,0.006072209161651574,0.028887279161368136,0.5584045584045584,-0.07699277169986785,0.16079195732457952,0.007289568233266184,0.2631752410900707
LUNAUSDT,779,1.780321536312583,-2.65294405406111,0.0022853934997594133,0.14444527562270315,0.4557124518613607,-0.6569920844327177,2.8342919748014244,0.01617827251770472,0.21983135444720922
OGUSDT,188,0.9578629349649603,0.863117433373607,0.0050950156115157465,0.032805592385164,0.48404255319148937,-0.07299270072992703,0.24951557609181685,0.003904384124940292,0.11827543624746413
ZECUSDT,763,0.8995352894479756,0.7525142107931185,0.0011789453334835852,0.019700451359474205,0.509829619921363,-0.08389846928889744,0.1270564414072386,0.015845984507071503,0.11107322863822912
COCOSUSDT,85,0.7892021939167261,0.7061412207603557,0.009284731693137954,0.04581562219040969,0.4588235294117647,-0.0630585216076257,0.2902129361191641,0.0017652800564889619,0.0974494683588223
TRUMPUSDT,234,0.7288100422410538,0.6682664100268387,0.0031145728300899737,0.022965745703748184,0.4658119658119658,-0.04778605874616393,0.11985898942420681,0.004859712155510789,0.0899923387167567
ALPACAUSDT,25,0.6260206676790058,-0.38206917252119443,0.025040826707160232,0.28237812193177975,0.48,-0.5840740740740742,0.7858414959928763,0.0005192000166144005,0.07730006545495129
NEIROUSDT,299,0.6130672756573773,0.5594773964985824,0.002050392226278854,0.019193406158655734,0.5250836120401338,-0.04485799392455836,0.17634637021612476,0.00620963219870823,0.07570060060845049
SHIBUSDT,706,0.6072592240986229,0.5052450636533858,0.0008601405440490409,0.017061982742946867,0.5141643059490085,-0.08275058275058278,0.10002227667631991,0.01466220846919067,0.0749834313697383
MULTIUSDT,91,0.5873204872789484,0.5367177875154332,0.0064540712887796526,0.0337651491975697,0.5164835164835165,-0.05091846600064465,0.1797752808988764,0.0018898880604764179,0.07252142693310495
HOTUSDT,62,0.5865782891368901,0.5556904072847453,0.009460940147369196,0.030897802685096235,0.6290322580645161,-0.06345444637357911,0.10081142007029653,0.0012876160412037133,0.07242978145249429
ALICEUSDT,142,0.5821046989395018,0.5307054182642097,0.004099328865771139,0.027433773853488407,0.5211267605633803,-0.0449017773620205,0.19667453336193952,0.002949056094369795,0.0718773894422451
ACEUSDT,45,0.550435277576998,0.4839205825589321,0.012231895057266622,0.05609957547239099,0.5111111111111111,-0.09278737791134484,0.26662362814719165,0.0009345600299059209,0.0679668981907051
BROCCOLI714USDT,74,0.5449980329418324,0.5103765122319884,0.007364838282997735,0.030934391921242834,0.44594594594594594,-0.03438747313478674,0.1610784652609747,0.0015368320491786255,0.0672955156183834
币安人生USDT,254,0.539372769587571,0.45975926095675734,0.0021235148408959487,0.025172646208283155,0.5275590551181102,-0.08285163776493265,0.1405228758169934,0.005275072168802309,0.06660091678493289
ONEUSDT,83,0.504258091776011,0.4794543929147621,0.006075398696096518,0.024160996941599372,0.5783132530120482,-0.04518537590113281,0.093689257483478,0.0017237440551598098,0.06226501058661723
OPENUSDT,31,0.4732284737757452,0.44865051413390994,0.015265434637927264,0.03894875599817041,0.5806451612903226,-0.029126213592232997,0.14134593742966461,0.0006438080206018566,0.05843352126637554
LINKUSDT,466,0.4594872401891841,0.4210004881164024,0.0009860241205776482,0.012839008924529908,0.5257510729613734,-0.052888888888888985,0.04946256148660977,0.009677888309692425,0.05673677495988204
KITEUSDT,165,0.4561347438299418,0.42375293026835315,0.002764452992908738,0.019800053888568578,0.5151515151515151,-0.04995287464655984,0.09219088937093267,0.0034267201096550436,0.05632281388577291
MASKUSDT,250,0.44243159726295345,0.3787967788496637,0.0017697263890518139,0.02264851858788325,0.508,-0.09600903614457845,0.08906711692697344,0.005192000166144005,0.05463077050564904
APTUSDT,282,0.4267485200527239,0.38657322336141753,0.0015132926243004393,0.017030665605639792,0.5,-0.07313152297571357,0.1218364072779734,0.005856576187410438,0.05269424834675538
LITUSDT,36,0.412348544801582,0.38730568018155415,0.01145412624448839,0.037165819268502986,0.5555555555555556,-0.03878417053192529,0.14645050809569216,0.0007476480239247367,0.05091616163663145
GALAUSDT,458,0.4051474328855721,0.3170303145966236,0.0008846013818462273,0.0196787048142053,0.4868995633187773,-0.11047740793549332,0.10183658712942889,0.009511744304375817,0.050026979455922015
FOGOUSDT,94,0.40214517690570295,0.38447120260023543,0.004278140179847904,0.019219200057353693,0.5212765957446809,-0.03299023489047248,0.07186358099878176,0.001952192062470146,0.04965626552307883
C98USDT,121,0.39481626792165636,0.35617697400429715,0.0032629443629888957,0.025498394311751806,0.5371900826446281,-0.07682880616629972,0.13575535240574754,0.0025129280804136985,0.04875130315772978
ALTUSDT,113,0.3923561950087855,0.36904963325145157,0.003472178716891907,0.020383160096267776,0.5929203539823009,-0.047691208005718466,0.12826890756302523,0.00234678407509709,0.048447537152856636
BURGERUSDT,86,0.3845417495014495,0.34111534836672214,0.00447141569187732,0.03238589158337009,0.4418604651162791,-0.06947296372347722,0.16292569659442724,0.001786048057153538,0.04748262148729117
SUSHIUSDT,106,0.3727562276314501,0.3518138575486997,0.0035165681852023594,0.019766641661022145,0.5377358490566038,-0.04416828866596789,0.07090909090909081,0.0022014080704450584,0.046027363443895644
VETUSDT,142,0.36602394490979107,0.3227065758111386,0.0025776334148576835,0.02499126890869888,0.5211267605633803,-0.06434139252212978,0.13309491059147183,0.002949056094369795,0.045196071568221786
BOMEUSDT,318,0.3575212228454616,0.29403036345735667,0.0011242805749857284,0.020108896966872555,0.5125786163522013,-0.08992309209228944,0.12350768702224513,0.006604224211335175,0.04414616857611332
PHAUSDT,132,0.35373556324673583,0.31424174695476675,0.002679814873081332,0.024791165451261175,0.4772727272727273,-0.06393442622950818,0.14096539940196506,0.002741376087724035,0.0436787211740066
STGUSDT,119,0.34934641569414504,0.31341139181280375,0.002935684165497017,0.02479782012939736,0.5462184873949579,-0.06329411764705872,0.12780898876404478,0.0024713920790845464,0.04313675601115566
SOLUSDT,1019,0.34531470191256175,0.19833879884787325,0.0003388760568327397,0.01707171942944972,0.5103042198233563,-0.15423079059947786,0.16653177814805997,0.021162592677202965,0.04263892621846291
AVAXUSDT,727,0.33637117692944396,0.261013136294158,0.00046268387473100955,0.014426152105452358,0.48418156808803303,-0.06256719796284071,0.07516519823788537,0.015098336483146768,0.041534593562552125
DOTUSDT,389,0.3294312625422646,0.27522671200338406,0.0008468669988233023,0.016854095459367842,0.5167095115681234,-0.052021674654920025,0.13775554281495683,0.008078752258520071,0.0406776636494078
DENTUSDT,54,0.30925742723007843,0.29120151157134627,0.005726989393149601,0.025777520026631143,0.6111111111111112,-0.038663848834009085,0.08659495077802482,0.0011214720358871052,0.038186629613916494
LDOUSDT,212,0.30663697668616874,0.2713438466435822,0.0014464008334253242,0.018398010661040565,0.5047169811320755,-0.05817452357071207,0.10307109802271786,0.004402816140890117,0.03786306042678936
PLUMEUSDT,51,0.3016506285468715,0.29191236363806583,0.005914718206801403,0.019048042797321935,0.5882352941176471,-0.030515463917525687,0.07171052631578934,0.0010591680338933771,0.037247353857583106
PNUTUSDT,339,0.299453892692246,0.2369667751970381,0.0008833448162013156,0.019364593349612987,0.46017699115044247,-0.04851704293935366,0.11074918566775249,0.0070403522252912715,0.036976104306063726
FISUSDT,32,0.29721170094904514,0.2816090319994736,0.00928786565465766,0.031530872011867404,0.5625,-0.024014499320344385,0.15391459074733072,0.0006645760212664327,0.036699241931607986
SAGAUSDT,69,0.2821336418891165,0.273354240226329,0.004088893360711833,0.01570102253861534,0.5507246376811594,-0.025390892100105034,0.06958657388456824,0.0014329920458557455,0.03483742647975179
MAGICUSDT,102,0.2789275589108432,0.2610806736966156,0.0027345839108906195,0.018807115660398343,0.5,-0.04753070945099025,0.10370875518019207,0.0021183360677867543,0.034441544303859144
SPKUSDT,60,0.2778289153728918,0.26117827319709724,0.0046304819228815295,0.02355115447399381,0.48333333333333334,-0.053855866736728264,0.08339904326341774,0.0012460800398745612,0.034305885496123345
PEOPLEUSDT,396,0.27440045016956616,0.19248244826155814,0.0006929304297211267,0.020569249527824896,0.47474747474747475,-0.053097345132743334,0.14507772020725396,0.008224128263172105,0.033882543906444414
TIAUSDT,224,0.26340128316555533,0.22294696846480946,0.0011758985855605149,0.0190832027762834,0.48214285714285715,-0.056914126436222845,0.07759584711546386,0.004652032148865028,0.032524383747751476
VOXELUSDT,86,0.26154211717336606,0.23731538745939712,0.0030411874089926287,0.024019051838480982,0.5116279069767442,-0.03597122302158273,0.11556240369799697,0.001786048057153538,0.03229481680163024
TLMUSDT,150,0.25464960408995585,0.16871977172418906,0.0016976640272663723,0.03437855476920752,0.44,-0.09463722397476337,0.16102906145783713,0.003115200099686403,0.03144373992828664
BONDUSDT,121,0.25028952321765885,0.14105462225204263,0.002068508456344288,0.04354420129828882,0.4793388429752066,-0.22759884786593343,0.3257438862787616,0.0025129280804136985,0.030905363874238766
MANTAUSDT,83,0.2500237768841431,0.23447557157329874,0.0030123346612547365,0.019452057431425616,0.5903614457831325,-0.05561337487863238,0.10876510944135909,0.0017237440551598098,0.030872549927294587
LTCUSDT,355,0.24553894322172454,0.22609871702225232,0.0006916589949907733,0.010469686194109389,0.543661971830986,-0.04676996424314661,0.05356828193832608,0.007372640235924487,0.030318769591343626
1000SATSUSDT,276,0.2431973065342019,0.1861242433055557,0.000881149661355804,0.02054574186290749,0.47101449275362317,-0.061229314420803704,0.10453762205628947,0.005731968183422982,0.03002962790870827
ETHUSDT,252,0.2390415281028505,0.22563319290657205,0.000948577492471629,0.010358544361030167,0.4642857142857143,-0.02748117757909252,0.060057652291773955,0.005233536167473157,0.02951647880462078
DARUSDT,25,0.2373567477527978,0.21596958822880455,0.009494269910111913,0.04221060225357339,0.52,-0.050973379180665246,0.13829490084106633,0.0005192000166144005,0.029308444728335187
THETAUSDT,147,0.2326756509856106,0.2152999390029235,0.0015828275577252423,0.015359395810625549,0.5918367346938775,-0.06865454545454552,0.06259417491013552,0.003052896097692675,0.028730430127242065
CRVUSDT,143,0.23012996592973511,0.21014941082941518,0.0016093004610470986,0.016764436676410865,0.5244755244755245,-0.04403131115459891,0.06632390745501282,0.0029698240950343712,0.02841609286713779
TRXUSDT,838,0.22627724203635968,0.20082874536045722,0.00027002057522238626,0.007819168757895819,0.49403341288782815,-0.04260299625468167,0.06586908690869064,0.017403584556914705,0.027940364469476515
FTTUSDT,156,0.22237420472124036,0.18648101420277136,0.0014254756712900024,0.021572495858318327,0.5,-0.06967393841923686,0.09785482514120902,0.0032398081036738593,0.027458423448183365
WIFUSDT,815,0.22124071575097415,0.09257069833933376,0.0002714610009214407,0.017814317932556965,0.46748466257668714,-0.0750830564784053,0.07895053556384646,0.016925920541629457,0.027318461980267467
ENJUSDT,87,0.21829179496175755,0.20515670258410876,0.0025091010915144546,0.01735490026551108,0.5057471264367817,-0.04891205389657671,0.05390349040204301,0.001806816057818114,0.026954333794415312
PEPEUSDT,1044,0.21598735726711882,0.074441148865598,0.00020688444182674216,0.01648782636049068,0.43199233716475094,-0.08870967741935487,0.10574948665297734,0.021681792693817366,0.02666978538598518
MEMEUSDT,136,0.21513039861474126,0.17787194674597395,0.0015818411662848622,0.023614261216029633,0.49264705882352944,-0.07767474617054981,0.10142840818192211,0.002824448090382339,0.026563969454753117
MOVRUSDT,55,0.21508121772044286,0.17080043931875996,0.003910567594917143,0.041215830617956035,0.43636363636363634,-0.07768237193600458,0.15570154856874718,0.0011422400365516813,0.02655789667386156
NEARUSDT,713,0.2146360755632708,0.14366084289252104,0.00030103236404385806,0.014140846199005878,0.4964936886395512,-0.059030469262417284,0.06283185840707972,0.014807584473842703,0.0265029312076035
RVNUSDT,67,0.21035794636052263,0.1745948844933721,0.00313967084120183,0.03342816550547802,0.4925373134328358,-0.06038601184788828,0.14617559410101633,0.0013914560445265935,0.025974674419176287
FLMUSDT,36,0.20792974477286075,0.1991879049868771,0.005775826243690576,0.022218663646013364,0.5555555555555556,-0.01945080091533191,0.11444805194805197,0.0007476480239247367,0.0256748438363299
FUNUSDT,28,0.20653749058347626,0.19256894610791897,0.007376338949409866,0.03196773752177698,0.4642857142857143,-0.041306367469449046,0.11246319921491676,0.0005815040186081285,0.02550293043869662
CYBERUSDT,152,0.20481286728483805,0.15422299988939678,0.0013474530742423555,0.0259385841430464,0.4934210526315789,-0.09029374201787987,0.11549975054049555,0.003156736101015555,0.025289976616638107
DASHUSDT,101,0.2041497471864725,0.1872494709082597,0.0020212846256086386,0.01839414250388748,0.504950495049505,-0.0402490549255059,0.061381971238162025,0.002097568067122178,0.025208095570764342
SOXLBUSDT,16,0.20013248403264916,0.19638275444051198,0.012508280252040573,0.018602566898337475,0.8125,-0.011284017995427442,0.05350244186894093,0.00033228801063321634,0.024712050119275294
CKBUSDT,77,0.198566460723839,0.18765835599779998,0.002578785204205701,0.016846071478740718,0.4935064935064935,-0.03334150527089974,0.04757486727488258,0.0015991360511723536,0.024518679979078778
IDEXUSDT,64,0.19778080221091077,0.17414124845193305,0.0030903250345454807,0.02782540556604275,0.515625,-0.035960468399634626,0.12158505717028878,0.0013291520425328654,0.02442166807897689
CHRUSDT,101,0.19730975449477683,0.15941627003692277,0.00195356192569086,0.027760388350753038,0.504950495049505,-0.059238917222440124,0.09514031485284047,0.002097568067122178,0.024363503834296987
TROYUSDT,85,0.18981030479735106,0.17654163069226578,0.0022330624093806007,0.01785600766640831,0.5176470588235295,-0.0319373942470389,0.09043760129659639,0.0017652800564889619,0.023437483364978594
FETUSDT,335,0.18659539678364367,0.15089246752404029,0.0005570011844287871,0.014682512961380281,0.48955223880597015,-0.04937142857142862,0.07596785975164355,0.006957280222632967,0.0230405114873366
FRONTUSDT,85,0.1851996896133108,0.1668068804634665,0.0021788198778036564,0.021394335409524064,0.49411764705882355,-0.03352729287891387,0.15021989044055228,0.0017652800564889619,0.022868171720947298
STOUSDT,39,0.18342758578590346,0.17354708508431635,0.004703271430407781,0.022404123120044427,0.6153846153846154,-0.06123919308357351,0.05925925925925912,0.0008099520259184648,0.02264935507650738
JASMYUSDT,212,0.18140114059607426,0.13552818612242615,0.0008556657575286521,0.020911012649023796,0.4716981132075472,-0.08010335917312661,0.10975760573831339,0.004402816140890117,0.02239913275334442
TRUUSDT,122,0.17785438641394724,0.09889751572812831,0.001457822839458584,0.03781269388596836,0.4098360655737705,-0.07580744702736064,0.2960288808664262,0.0025336960810782745,0.021961185023203954
DUSDT,27,0.17713749325588557,0.16111562817876027,0.0065606478983661325,0.03553143772593723,0.48148148148148145,-0.05167173252279633,0.14331723027375198,0.0005607360179435526,0.021872664162945726
BCHUSDT,271,0.16751451576869547,0.14800366616995617,0.0006181347445339316,0.012032705673098654,0.5018450184501845,-0.05571056062581492,0.05606711684059751,0.005628128180100102,0.020684433760922112
LOOMUSDT,187,0.15669041742256584,0.06288107021581782,0.0008379166707089083,0.031736255470421505,0.45989304812834225,-0.15759045132413285,0.14714525608732143,0.003883616124275716,0.01934789080979438
WRXUSDT,20,0.15554621472976926,0.14546998362721533,0.007777310736488463,0.0321937154582477,0.55,-0.04456440389178162,0.10569290281565813,0.0004153600132915204,0.019206606427962663
LTOUSDT,34,0.1548925287353221,0.14929460258115038,0.004555662609862415,0.017965498133085532,0.4411764705882353,-0.029000000000000026,0.050091074681238634,0.0007061120225955848,0.019125890290674272
LAZIOUSDT,45,0.14900302400074772,0.12633301272017589,0.003311178311127727,0.033641809784338,0.5333333333333333,-0.038158820756848844,0.20547085818394328,0.0009345600299059209,0.018398663339577376
BONKUSDT,412,0.14668502026332497,0.08225323722558947,0.00035603160258088583,0.01774998242157918,0.4684466019417476,-0.07802874743326482,0.07710843373493992,0.008556416273805321,0.018112439817130548
HOMEUSDT,47,0.14490999781203895,0.12910561248212643,0.0030831914428093394,0.026357283696663295,0.44680851063829785,-0.054491272882077446,0.09336535574902438,0.000976096031235073,0.017893262785520513
ALLOUSDT,106,0.14466915739811503,0.07531671644139687,0.0013648033716803305,0.03686469178906765,0.4528301886792453,-0.13819577735124755,0.21303841676367874,0.0022014080704450584,0.017863524183072226
CATIUSDT,42,0.14289422634413707,0.13928704494289987,0.003402243484384216,0.012810297678983847,0.6190476190476191,-0.04310993975903621,0.028160693186293884,0.0008722560279121929,0.01764435843706067
AUCTIONUSDT,47,0.14023303945994714,0.13099845508358104,0.002983681690637173,0.02013613492194118,0.5106382978723404,-0.041838538597524844,0.09677419354838701,0.000976096031235073,0.017315759189533562
ARKMUSDT,55,0.13831035588716234,0.12921890869093253,0.0025147337434029515,0.018434778100493206,0.4727272727272727,-0.022958223560406443,0.08326981707317072,0.0011422400365516813,0.017078349190632964
INITUSDT,14,0.13512561802865086,0.1294133358873515,0.009651829859189347,0.028580470934228372,0.5714285714285714,-0.01876247504990003,0.08909194745859517,0.00029075200930406427,0.01668510267717116
TNSRUSDT,73,0.13496312952426226,0.09893698520151627,0.0018488099934830446,0.03239781191773114,0.3698630136986301,-0.06061323546821362,0.14071661237785027,0.0015160640485140495,0.016665038847535178
KAITOUSDT,100,0.13325833929535158,0.11353861258368537,0.001332583392953516,0.01996449230749595,0.47,-0.06944888945785066,0.06594318923086062,0.002076800066457602,0.016454533982303912
KNCUSDT,25,0.13227201322569537,0.1287278395814367,0.005290880529027815,0.016541844194367997,0.48,-0.014238346011312575,0.0589500860585197,0.0005192000166144005,0.016332743962132495
NOTUSDT,204,0.13017873186825857,0.1038886036652,0.0006381310385698949,0.016167942914434425,0.4411764705882353,-0.045135827350212154,0.060124816073874765,0.0042366721355735085,0.016074268812189898
ATUSDT,107,0.1280689140432918,0.10885480076836442,0.001196905738722353,0.01876745373045628,0.5514018691588785,-0.11795166858458006,0.050880626223092085,0.0022221760711096344,0.015813751764769384
AVNTUSDT,88,0.12634068829899925,0.10670364779479338,0.0014356896397613552,0.021300516145540297,0.5,-0.05229503007280789,0.08246026011560681,0.0018275840584826898,0.015600353118283729
NOMUSDT,50,0.1260439214525111,0.04321257268849243,0.002520878429050222,0.059369537329149194,0.36,-0.12776831345826234,0.20310077519379854,0.001038400033228801,0.015563708806294086
CTXCUSDT,68,0.12369871836361945,0.10205001480582343,0.001819098799464992,0.025663707905528275,0.5147058823529411,-0.06463104325699753,0.11598224195338513,0.0014122240451911695,0.015274126749924292
SUNUSDT,59,0.12171077425047283,0.11079904514500943,0.0020628944788215735,0.019406138587963574,0.4745762711864407,-0.0385932150638032,0.05915775401069534,0.0012253120392099852,0.015028658480263565
FIROUSDT,16,0.11495339888232359,0.11056727166356999,0.007184587430145224,0.02334197021331619,0.4375,-0.03263988522238159,0.06294227188081947,0.00033228801063321634,0.01419426820334471
AXSUSDT,230,0.11014520562907226,0.04633858568028933,0.0004788921983872707,0.024026420293580066,0.4826086956521739,-0.06214442013129118,0.19701816922899407,0.0047766401528524845,0.013600559924392235
MATICUSDT,521,0.10399191394967411,-0.0031182389728030852,0.0001996006025905453,0.020457771636706683,0.46257197696737046,-0.08289379232857907,0.1362556300315636,0.010820128346244106,0.012840760968641502
REQUSDT,50,0.10332931649537402,0.07122425320284123,0.0020665863299074803,0.03654392088194264,0.44,-0.11129537497696695,0.14041867954911447,0.001038400033228801,0.012758944458049966
OMGUSDT,65,0.10145976402489876,0.09244032287650705,0.001560919446536904,0.01685369684113392,0.46153846153846156,-0.024399352670235297,0.058394160583941535,0.0013499200431974414,0.012528095005626926
BNBUSDT,653,0.1010027166875671,0.0703072268619777,0.00015467491070071532,0.009729219293787155,0.49617151607963245,-0.0480822764143608,0.08759407114624507,0.013561504433968141,0.012471659506104626
LUNCUSDT,407,0.09935300412829218,0.011893266050191045,0.00024411057525378912,0.020753274939144358,0.4963144963144963,-0.09962152800051327,0.09957335304195913,0.00845257627048244,0.012267955546478816
SANDUSDT,303,0.09759969116176892,0.03370124682227061,0.0003221111919530327,0.020690755656476264,0.44554455445544555,-0.08081232319988141,0.08998548621190139,0.006292704201366534,0.01205145916852735
WINUSDT,58,0.0975959656761316,0.07586480521034113,0.0016826890633815793,0.027999544952571412,0.5,-0.045426067106267065,0.1257931607839302,0.0012045440385454092,0.012050999151313089
HMSTRUSDT,30,0.09413340944423565,0.08444936361859492,0.003137780314807855,0.02585421555106542,0.5333333333333333,-0.053262316910785534,0.07311723129417502,0.0006230400199372806,0.011623448054063616
NEWTUSDT,35,0.0933638872087369,0.09185974762235923,0.0026675396345353397,0.009052207277886002,0.45714285714285713,-0.009408997353719584,0.02201887331998842,0.0007268800232601608,0.011528428636583944
BTTUSDT,60,0.08925886482044121,0.07215540794939294,0.0014876477470073535,0.024479893616887766,0.5333333333333333,-0.03995932031018268,0.12545569620253172,0.0012460800398745612,0.01102154681032449
TWTUSDT,155,0.08894243148653014,0.07259189923885212,0.0005738221386227751,0.014617254362916152,0.43870967741935485,-0.05813656668793876,0.06029264572708648,0.0032190401030092832,0.010982474110833368
KEYUSDT,55,0.08891597873867652,0.0756028862470705,0.0016166541588850275,0.022155078713000632,0.5272727272727272,-0.08194774346793354,0.06292273006763671,0.0011422400365516813,0.010979207766372042
PENGUUSDT,315,0.08840506402826387,0.03664831961573436,0.0002806509969151234,0.018228428769600864,0.4666666666666667,-0.07719339808892056,0.09064696341683187,0.006541920209341447,0.010916120806794143
ADAUSDT,616,0.08788741368458974,0.03181410488303762,0.00014267437286459374,0.013489396054475206,0.4902597402597403,-0.08394925537782671,0.061243571762505944,0.012793088409378829,0.010852202141621085
HFTUSDT,20,0.08767349895547794,0.08344359248194505,0.004383674947773896,0.0210303497617173,0.5,-0.019565217391304346,0.07958211706867413,0.0004153600132915204,0.010825788281159533
LQTYUSDT,67,0.0875290731969286,0.07176315601601907,0.0013064040775660985,0.021933615682193,0.4925373134328358,-0.05975049244911357,0.08586387434554976,0.0013914560445265935,0.010807954811490494
SUSDT,77,0.0874446811185039,0.07408724870567746,0.0011356452093312195,0.01911352793649715,0.44155844155844154,-0.03091028159790432,0.120205228438798,0.0015991360511723536,0.01079753420794989
ORDIUSDT,297,0.08158351392359786,0.03614344511271833,0.00027469196607272006,0.017543135953341314,0.4781144781144781,-0.06584673972176891,0.06727797760778143,0.006168096197379078,0.01007380633249744
MBOXUSDT,43,0.08132097834158103,0.07265971571756481,0.0018911855428274658,0.02048564530863628,0.5116279069767442,-0.03754317465084844,0.07300533833501666,0.000893024028576769,0.010041388844190872
OMUSDT,120,0.07934437546757145,0.05866131735035986,0.0006612031288964288,0.018876140750199763,0.43333333333333335,-0.06700348851196936,0.09584202921817297,0.0024921600797491224,0.009797320973227656
CELRUSDT,22,0.07719397074256651,0.0745287072427411,0.0035088168519348414,0.015650304914132458,0.5454545454545454,-0.021130480718436262,0.04414023372287157,0.00045689601462067244,0.009531792318057519
PARTIUSDT,41,0.07651142190156002,0.07129255321873398,0.0018661322415014637,0.016086198715337924,0.5365853658536586,-0.03253424657534232,0.043368633383761956,0.0008514880272476169,0.009447512241040864
LRCUSDT,84,0.07569078356381165,0.05058807510621646,0.0009010807567120435,0.024642858629265126,0.5238095238095238,-0.05208202684058705,0.06191719507646387,0.0017445120558243858,0.009346181086179827
TREEUSDT,17,0.07487907196865728,0.07295530621275309,0.0044046512922739575,0.014996976168353479,0.5882352941176471,-0.014386792452830144,0.049350649350649256,0.0003530560112977924,0.009245952191711206
NIGHTUSDT,77,0.07467671509994134,0.06835662374450376,0.0009698274688304069,0.012886431927198577,0.5324675324675324,-0.045304388862671074,0.04619852164730731,0.0015991360511723536,0.009220965478005737
ESPUSDT,32,0.07467204467946043,0.07341796171462053,0.0023335013962331383,0.008696382181724478,0.5625,-0.015390355377296827,0.019554956169925752,0.0006645760212664327,0.009220388781695989
DEGOUSDT,34,0.07198790707924074,0.0701647739643733,0.0021172913846835514,0.01027863326019049,0.6764705882352942,-0.028004073319755518,0.021500000000000075,0.0007061120225955848,0.00888895561518995
ALPHAUSDT,21,0.0708287923382317,0.06674421784185548,0.00337279963515389,0.019930007705360755,0.7142857142857143,-0.0413630690427752,0.04101209135691897,0.00043612801395609646,0.008745829916669497
FLOKIUSDT,201,0.06037973712529865,0.009640637341691892,0.00030039670211591367,0.02295741372451299,0.46766169154228854,-0.06825835256725565,0.1581068210125285,0.00417436813357978,0.007455596712553811
WLFIUSDT,38,0.059913580826235546,0.05780392255970972,0.0015766731796377775,0.010521413789344708,0.6578947368421053,-0.037469586374695774,0.02132816286960737,0.0007891840252538888,0.007398036452501356
RAYUSDT,17,0.05918304329947299,0.05237126253617957,0.0034813554882042936,0.029652766117444312,0.5882352941176471,-0.03125,0.10348757693184418,0.0003530560112977924,0.007307830806663159
VGXUSDT,129,0.05685220499211374,0.003610660706840404,0.0004407147673807267,0.02924224599121709,0.40310077519379844,-0.0650095602294456,0.1480938416422286,0.0026790720857303068,0.007020022491337438
JOEUSDT,21,0.05493664966957945,0.05468064784247624,0.0026160309366466405,0.00430195203657207,0.6666666666666666,-0.006196616982079961,0.00899788285109393,0.00043612801395609646,0.006783492677771593
CFXUSDT,317,0.05297300411034589,-0.01444376936607122,0.00016710726848689556,0.020934197181949124,0.42586750788643535,-0.10096618357487919,0.1780612244897959,0.006583456210670599,0.006541024756030534
MDXUSDT,82,0.051185053010346926,0.03192087477332827,0.0006242079635408161,0.02188968953142958,0.5365853658536586,-0.050493325594892724,0.08369230769230773,0.0017029760544952338,0.006320251314839549
MOVEUSDT,76,0.05105937585918163,0.02881855045795139,0.0006718338928839688,0.024274307435018884,0.47368421052631576,-0.0951015829490216,0.06578012384529508,0.0015783680505077776,0.006304732894262019
KEEPUSDT,10,0.0471991500603417,0.046721265443512926,0.0047199150060341696,0.009072895149903719,0.6,-0.008481110254433322,0.019251194901752644,0.0002076800066457602,0.005828078172897098
EIGENUSDT,42,0.04695073018544538,0.04017062561227472,0.0011178745282248899,0.018276600318827003,0.40476190476190477,-0.030905670518677875,0.05485564304461943,0.0008722560279121929,0.005797403670310799
STRKUSDT,64,0.044034997796273734,0.02120629087351809,0.0006880468405667771,0.027136292120816162,0.46875,-0.04909013965298359,0.08401639344262302,0.0013291520425328654,0.005437373536852558
JTOUSDT,41,0.0434857879408842,0.03766325251744336,0.0010606289741679075,0.01705625492815001,0.4146341463414634,-0.04363899963754991,0.04214559386973171,0.0008514880272476169,0.005369557951901481
INJUSDT,121,0.04342216744192273,0.03361567680585541,0.00035886088794977465,0.012797721435026041,0.5041322314049587,-0.032437996744230535,0.03564277132559068,0.0025129280804136985,0.005361702190921206
LISTAUSDT,42,0.03925837304008739,0.03218420620430804,0.0009347231676211284,0.01852038067077577,0.5714285714285714,-0.048478319418260196,0.0405094368574499,0.0008722560279121929,0.0048475632871751925
SNDKBUSDT,27,0.0388268542367749,0.03732812067513551,0.0014380316383990704,0.010599515219505607,0.5555555555555556,-0.03513756081760466,0.020848750040217467,0.0005607360179435526,0.004794280011616947
TOMOUSDT,15,0.03724803337238014,0.03695046675693176,0.0024832022248253427,0.006009560360476709,0.6666666666666666,-0.006734603455914923,0.014514266864588565,0.0003115200099686403,0.004599329649016561
PUMPUSDT,102,0.037082148088280587,0.01992977377860743,0.0003635504714537312,0.01848247313459782,0.4803921568627451,-0.05768153817435118,0.06718682271348086,0.0021183360677867543,0.0045788463902665735
1MBABYDOGEUSDT,45,0.03539742637739762,0.02766086786736769,0.0007866094750532805,0.018804644884970585,0.5777777777777777,-0.03900120912184024,0.053697899958048634,0.0009345600299059209,0.004370819554655124
NKNUSDT,16,0.03250589065784648,0.028991936403462502,0.002031618166115405,0.02149954434641701,0.625,-0.042740367841299864,0.037791957441085655,0.00033228801063321634,0.004013777188601418
COTIUSDT,46,0.032349057207971876,0.024202862347336672,0.0007032403740863452,0.01910529421664024,0.43478260869565216,-0.033276844862116906,0.04621486463183322,0.000955328030570497,0.003994411636365291
LAYERUSDT,33,0.032201338104214106,0.02968666170593206,0.0009757981243701244,0.012465606379201273,0.6666666666666666,-0.0328430672568899,0.02783521552409729,0.0006853440219310087,0.003976171509514915
MKRUSDT,13,0.031598947293849045,0.030644459153966196,0.0024306882533730034,0.012434049442403942,0.46153846153846156,-0.01000769822940728,0.0272628135223556,0.0002699840086394883,0.003901789222356056
HOLOUSDT,6,0.030460372412884684,0.0298968621652169,0.00507672873548078,0.014040484468719925,0.5,-0.008816705336426867,0.02599814298978642,0.00012460800398745613,0.0037611997540399128
DODOUSDT,19,0.02959611135993445,0.0268537336442105,0.0015576900715754975,0.01759657796951453,0.47368421052631576,-0.02321582115219256,0.060817547357926216,0.0003945920126269444,0.0036544821336602067
HEMIUSDT,19,0.02616776353221162,0.02443917638071281,0.0013772507122216642,0.013826721337329423,0.5789473684210527,-0.030916844349680117,0.039911308203991025,0.0003945920126269444,0.003231155037339482
VIBUSDT,23,0.023797677849702437,0.022963934817330712,0.0010346816456392363,0.008653555410703076,0.6086956521739131,-0.015967078189300432,0.022261798753339335,0.0004776640152852485,0.0029385005167290807
SAHARAUSDT,40,0.023711888074047338,0.02128339497438145,0.0005927972018511835,0.011158878941622884,0.475,-0.022588235294117687,0.02861685214626397,0.0008307200265830409,0.0029279073276925406
SFPUSDT,56,0.022786478554838174,0.016469273925937954,0.0004069014027649674,0.015126797881433703,0.48214285714285715,-0.04541216805509607,0.033078079653134695,0.001163008037216257,0.0028136391891137955
WINGUSDT,26,0.01754683675512092,0.012817955111154234,0.00067487833673542,0.019549313092997768,0.4230769230769231,-0.05400696864111498,0.0693352394567548,0.0005399680172789766,0.0021666563098100083
WALUSDT,9,0.015650517401344266,0.014882780925324503,0.0017389463779271406,0.013783105522003448,0.4444444444444444,-0.01637225333907799,0.028478057889822495,0.00018691200598118418,0.001932501723965586
STXUSDT,96,0.014429036751428814,-0.002075474934521702,0.00015030246616071682,0.018707516932896927,0.4270833333333333,-0.05305574210879793,0.06398499374739464,0.001993728063799298,0.001781675179307742
ARPAUSDT,26,0.012789664558369385,0.01091164519500075,0.0004919101753218994,0.01227593788774897,0.5384615384615384,-0.02459474566797093,0.035922766052986166,0.0005399680172789766,0.0015792480321364622
STMXUSDT,114,0.012476982968121941,-0.018930471680990386,0.00010944721901861352,0.023947631678040652,0.3684210526315789,-0.07213639441127584,0.13448692152917485,0.0023675520757616662,0.0015406385921601464
FTMUSDT,685,0.012277564261262253,-0.10299450948415581,1.792345147629526e-05,0.018433888232163374,0.48175182481751827,-0.0947644233102043,0.13153642773207985,0.014226080455234574,0.0015160146781441003
EDUUSDT,125,0.011187283423790273,-0.0038435510544847368,8.949826739032218e-05,0.015541501899047143,0.504,-0.06260343278642022,0.04754296742148023,0.0025960000830720026,0.0013813884837513021
DUSKUSDT,24,0.011142048597159393,0.007715227644782871,0.00046425202488164136,0.017397141450780453,0.4166666666666667,-0.019425019425019396,0.05642023346303504,0.0004984320159498245,0.0013758029572025154
XAUTUSDT,15,0.008603354604384106,0.008580515472363003,0.000573556973625607,0.0017077801083685313,0.5333333333333333,-0.001600578864573543,0.004774806927587916,0.0003115200099686403,0.0010623289427754952
SANTOSUSDT,83,0.006680204988157912,-0.002070788731606467,8.048439744768568e-05,0.014634209750011042,0.5421686746987951,-0.042483660130718914,0.06258926321095526,0.0017237440551598098,0.0008248613975503352
MIRUSDT,21,0.006568228522988218,0.005566203857326521,0.0003127727868089627,0.010041209601664693,0.5238095238095238,-0.015590894917368314,0.02962417096536485,0.00043612801395609646,0.0008110347165253731
MORPHOUSDT,9,0.004503111913703117,0.00444547155496928,0.0005003457681892352,0.003760156671697518,0.6666666666666666,-0.004375303840544409,0.005450941526263797,0.00018691200598118418,0.0005560373061975435
MUBUSDT,3,0.004310795253738453,0.0042614482101577845,0.001436931751246151,0.006813164763031657,0.6666666666666666,-0.004969213721883969,0.008594772397693795,6.230400199372806e-05,0.000532290341966374
SXTUSDT,7,0.0027365105700771775,0.0024337095641543648,0.00039093008143959676,0.010069518124664101,0.42857142857142855,-0.009063444108761365,0.019548872180451093,0.00014537600465203214,0.0003379000999589934
BANANAUSDT,18,0.002210558604038071,0.0014669154093600693,0.0001228088113354484,0.009369055066800629,0.4444444444444444,-0.012152777777777679,0.019004911381593104,0.00037382401196236836,0.0002729563632742011
ONTUSDT,5,0.0017780888723407662,0.0015606676944196346,0.00035561777446815326,0.010392923277393946,0.6,-0.016663022086157886,0.010800795372378769,0.0001038400033228801,0.0002195556685472529
VIRTUALUSDT,94,0.0013181879090814475,-0.010381396775650883,1.4023275628526036e-05,0.0159270009733697,0.425531914893617,-0.03759666864961342,0.0672698088428425,0.001952192062470146,0.0001627678077014684
KAVAUSDT,6,0.0010585097950442934,0.0009751632868037902,0.00017641829917404891,0.005770852256195774,0.5,-0.00891089108910903,0.008968609865470878,0.00012460800398745613,0.00013070315512903467
METUSDT,12,0.0007899825760867563,0.00038002402961516586,6.583188134056302e-05,0.008636555880084983,0.5,-0.011009174311926606,0.014423076923077094,0.00024921600797491226,9.754582874424993e-05
RLUSDUSDT,31,0.00019995004501427438,0.00019985020243417316,6.450001452073367e-06,8.132011539002685e-05,0.2903225806451613,-0.0001999000499749437,0.00010001000100001711,0.0006438080206018566,2.468952283097634e-05
BFUSDUSDT,4,0.0,0.0,0.0,0.0,0.0,0.0,0.0,8.307200265830409e-05,0.0
UUSDT,18,-1.6995303064870626e-07,-2.2992205738336794e-07,-9.441835036039237e-09,8.399651339823817e-05,0.2222222222222222,-0.00010002000400077815,0.00019992003198709973,0.00037382401196236836,-2.0985537813183785e-08
CAKEUSDT,120,-9.494666483378378e-05,-0.00893280403075475,-7.912222069481981e-07,0.012192084229904305,0.44166666666666665,-0.03428989474677879,0.03133788670148663,0.0024921600797491224,-1.1723867573880325e-05
MTLUSDT,18,-0.0001062749275093644,-0.0006985859287946888,-5.904162639409134e-06,0.008335124243383493,0.5,-0.023064250411861664,0.01921598770176791,0.00037382401196236836,-1.312266395796755e-05
ANKRUSDT,15,-0.0011552792583700011,-0.0017365305766546962,-7.701861722466674e-05,0.009132119458069157,0.4,-0.013307427441467512,0.023283582089552057,0.0003115200099686403,-0.0001426520990462557
ARKUSDT,29,-0.0011647492393880299,-0.010212465275755093,-4.016376687544931e-05,0.025529240902621195,0.4827586206896552,-0.060243902439024444,0.06897835121890705,0.0006022720192727046,-0.0001438214376804973
VANRYUSDT,48,-0.002679414442114725,-0.014112063740694236,-5.582113421072343e-05,0.02230744525773135,0.3958333333333333,-0.031737493275954876,0.07052372849309885,0.000996864031899649,-0.00033084995823590114
NTRNUSDT,11,-0.003441704768344267,-0.004314810842852427,-0.0003128822516676606,0.013270997440157266,0.36363636363636365,-0.01713859910581239,0.031959953792838114,0.00022844800731033622,-0.0004249763907252416
PSGUSDT,32,-0.003682202400446366,-0.005424262620679284,-0.00011506882501394894,0.01060293278636099,0.46875,-0.023031969749054748,0.02532213220126156,0.0006645760212664327,-0.00045467266700343213
ERNUSDT,60,-0.0037443152465652663,-0.02331543037634785,-6.240525410942111e-05,0.02661613369481322,0.38333333333333336,-0.040351358770244206,0.1597421203438396,0.0012460800398745612,-0.00046234226533855644
BICOUSDT,33,-0.00412708900396952,-0.036252910086838036,-0.0001250633031505915,0.046285884643599146,0.45454545454545453,-0.08129370629370636,0.2014997581035316,0.0006853440219310087,-0.0005096065778915055
PROVEUSDT,77,-0.004299627154895069,-0.012467136796333074,-5.583931369993597e-05,0.014677510625886193,0.4675324675324675,-0.04803001876172608,0.0487528344671202,0.0015991360511723536,-0.0005309113223649899
THEUSDT,9,-0.004361579280146688,-0.004967559314777246,-0.00048461992001629865,0.01227697252973173,0.5555555555555556,-0.01773863683793142,0.013602985433971204,0.00018691200598118418,-0.0005385610751355789
AEROUSDT,11,-0.005581726617608029,-0.005729719140403313,-0.0005074296925098209,0.005412203163637433,0.45454545454545453,-0.00827555356743459,0.008444216990788123,0.00022844800731033622,-0.0006892229844302539
1INCHUSDT,25,-0.005851133591258217,-0.007825938171673612,-0.0002340453436503287,0.012815824764416877,0.44,-0.03210237513517855,0.02356159840822425,0.0005192000166144005,-0.0007224889415661259
BNTUSDT,21,-0.006394756299002324,-0.008727973902428306,-0.0003045122047143964,0.015348856608408564,0.3333333333333333,-0.021166666666666556,0.037843185753153596,0.00043612801395609646,-0.0007896146341526274
ZBTUSDT,61,-0.007486942264690155,-0.034003342650739524,-0.00012273675843754353,0.02899806789527474,0.4918032786885246,-0.15575221238938053,0.06042128603104202,0.0012668480405391373,-0.0009244760708359579
IOTAUSDT,7,-0.008313194166290394,-0.008504661189189381,-0.0011875991666129135,0.007880360136814014,0.42857142857142855,-0.0119760479041916,0.009635237439779676,0.00014537600465203214,-0.0010265003798939547
ICXUSDT,8,-0.00877806798627867,-0.009040674529986449,-0.0010972584982848338,0.008586641704956512,0.25,-0.010490693739424684,0.013196964698119373,0.00016614400531660817,-0.0010839022814104278
ERAUSDT,38,-0.009339101354572388,-0.011930128043956132,-0.000245765825120326,0.011822590270451154,0.5526315789473685,-0.03540152785541251,0.03709550118389893,0.0007891840252538888,-0.001153177815479142
NEOUSDT,18,-0.010892253607366786,-0.012919700399768225,-0.0006051252004092659,0.015469226473712816,0.5555555555555556,-0.021926885563249177,0.039146598035010305,0.00037382401196236836,-0.001344958657552031
ALGOUSDT,36,-0.011171922412218094,-0.01296684397696889,-0.0003103311781171693,0.010118541994353612,0.5,-0.023593053913992357,0.024053317176613076,0.0007476480239247367,-0.0013794917297601183
PAXGUSDT,118,-0.011292818761093448,-0.012087463364261539,-9.57018539075716e-05,0.0036776127644611726,0.5677966101694916,-0.016602772375181263,0.009083400241793216,0.0024506240784199704,-0.0013944198242525534
KATUSDT,18,-0.011393938654556401,-0.012658601874517733,-0.0006329965919198001,0.012098441324818776,0.5555555555555556,-0.03842549203373946,0.01741293532338295,0.00037382401196236836,-0.0014069059525659592
HIGHUSDT,55,-0.012498037744547497,-0.02766741538114987,-0.00022723704990086359,0.023841157176137884,0.45454545454545453,-0.04526349822179121,0.07292741658066748,0.0011422400365516813,-0.0015432384034441238
BLURUSDT,11,-0.01254470176838196,-0.012976624143340798,-0.001140427433489269,0.009220666505407189,0.36363636363636365,-0.013707263273987746,0.017937971500419092,0.00022844800731033622,-0.0015490004050568965
HEIUSDT,19,-0.013063919711176708,-0.016323294673726375,-0.0006875747216408794,0.019005871812564443,0.42105263157894735,-0.03805073431241646,0.03703703703703698,0.0003945920126269444,-0.0016131126349489594
API3USDT,39,-0.013329247919416143,-0.022081510706143826,-0.00034177558767733697,0.021436515616869142,0.4358974358974359,-0.06517857142857153,0.057943925233644666,0.0008099520259184648,-0.0016458749524296175
TONUSDT,132,-0.013362026025007911,-0.026221207075445986,-0.00010122746988642357,0.014053809840854763,0.4318181818181818,-0.04747081712062251,0.05473501303214601,0.002741376087724035,-0.0016499223422979537
MINAUSDT,5,-0.01397432232123541,-0.014050439486635247,-0.002794864464247082,0.005306666391115531,0.4,-0.0075478027507547285,0.00431821956485634,0.0001038400033228801,-0.0017255277435568124
GRAMUSDT,12,-0.014141854951002841,-0.01429079540167957,-0.00117848791258357,0.00503930722289751,0.5,-0.013788575180564644,0.004461440407903305,0.00024921600797491226,-0.00174621441400633
NUUSDT,22,-0.014210139044419257,-0.01606361712589075,-0.0006459154111099662,0.013235451314936591,0.45454545454545453,-0.024659261010005595,0.017945814095304602,0.00045689601462067244,-0.0017546460284292062
RADUSDT,30,-0.014422735906730155,-0.017079685420802883,-0.00048075786355767183,0.013539843261906558,0.4,-0.022231722958529265,0.029113924050632844,0.0006230400199372806,-0.0017808971607329981
LPTUSDT,139,-0.01469448193643974,-0.034535941122123014,-0.00010571569738445857,0.01727216046603662,0.4316546762589928,-0.043970686209193866,0.13450292397660824,0.002886752092376067,-0.0018144519408995292
REEFUSDT,13,-0.014984907692106808,-0.015947738075102885,-0.001152685207085139,0.012586730496656501,0.5384615384615384,-0.024846948536445312,0.017523913097209576,0.0002699840086394883,-0.0018503132647853715
CFGUSDT,27,-0.015345138842612127,-0.020592203793453258,-0.000568338475652301,0.02020199107294138,0.37037037037037035,-0.058753709198813175,0.07461734693877564,0.0005607360179435526,-0.0018947940510447344
ROBOUSDT,20,-0.01614419657075994,-0.016984270170129736,-0.0008072098285379969,0.00936038491858793,0.45,-0.017513134851138257,0.013747454175152773,0.0004153600132915204,-0.001993460465553244
SKHYBUSDT,5,-0.016186098719177866,-0.01627178422413788,-0.0032372197438355734,0.005431986947588875,0.4,-0.009270230710253125,0.002390265102129474,0.0001038400033228801,-0.0019986344781420255
MEGAUSDT,51,-0.016273555617541846,-0.020731520707597068,-0.00031908932583415387,0.013355281283331554,0.43137254901960786,-0.03241991509069864,0.030363036303630242,0.0010591680338933771,-0.0020094335209165834
IMXUSDT,2,-0.016592007541015197,-0.016672778500608988,-0.008296003770507598,0.004769300110466734,0.0,-0.011668408220132376,-0.004923599320882821,4.153600132915204e-05,-0.002048755472730109
ALPINEUSDT,71,-0.019860724770186078,-0.02678510173725601,-0.00027972851788994477,0.014038952467020999,0.5070422535211268,-0.048472839744828855,0.039129302487087125,0.0014745280471848976,-0.002452371629214889
FLOWUSDT,23,-0.01987646868815307,-0.021724160384071704,-0.000864194290789264,0.01298157729399058,0.391304347826087,-0.027951331798750423,0.040013449899125586,0.0004776640152852485,-0.0024543156638964884
HYPERUSDT,20,-0.02192760332033883,-0.022453286973737774,-0.0010963801660169414,0.007350024007224767,0.4,-0.01225769669327259,0.013765182186234792,0.0004153600132915204,-0.0027075866012805797
AUDIOUSDT,25,-0.02342945112317152,-0.02963234457525628,-0.0009371780449268607,0.023118727708308372,0.36,-0.036536353671903554,0.09239332096474961,0.0005192000166144005,-0.0028930324490874268
XVGUSDT,33,-0.023799809326253474,-0.03095665727815727,-0.0007212063432198022,0.021359142027460115,0.42424242424242425,-0.03380238605078012,0.08262926664413661,0.0006853440219310087,-0.002938763708162555
OMNIUSDT,20,-0.024165569073086313,-0.02639821515062825,-0.0012082784536543156,0.01524864739594352,0.45,-0.02678571428571419,0.022922636103151817,0.0004153600132915204,-0.0029839271569601627
SRMUSDT,8,-0.025401183247540926,-0.02730909611830408,-0.0031751479059426158,0.022866717813170383,0.375,-0.05004682135053584,0.021924243907213592,0.00016614400531660817,-0.003136498887405621
ATAUSDT,48,-0.025570364616636865,-0.03569378072280976,-0.000532715929513268,0.02072556880973138,0.4375,-0.05430798462021813,0.0456307129798903,0.000996864031899649,-0.003157389141641732
2ZUSDT,11,-0.02638733843492569,-0.026875950531924174,-0.002398848948629608,0.009524478919054568,0.45454545454545453,-0.01939130434782621,0.011662642713917482,0.00022844800731033622,-0.0032582678072980054
TRBUSDT,338,-0.027859030719522115,-0.1341762527304358,-8.242316780923703e-05,0.02548042277336136,0.5118343195266272,-0.12266928361138374,0.22645537400443394,0.0070195842246266954,-0.00343999009827384
SCRUSDT,29,-0.029576058928342475,-0.033819837833898594,-0.0010198641009773266,0.017447271815189326,0.3793103448275862,-0.027941176470588247,0.045217391304347876,0.0006022720192727046,-0.003652006090368637
USUALUSDT,99,-0.029908509660851124,-0.04616400671049831,-0.00030210615819041537,0.018305748272722255,0.45454545454545453,-0.04899297423887572,0.0822376901263211,0.002056032065793026,-0.003693056593507364
MBLUSDT,27,-0.030524647784064052,-0.034133039948346176,-0.0011305425105208908,0.016476978960960884,0.48148148148148145,-0.058267061697593436,0.02543110064984888,0.0005607360179435526,-0.003769136377630516
COMPUSDT,119,-0.03105178891471716,-0.04179586306086423,-0.000260939402644682,0.013594488505891197,0.5042016806722689,-0.030547409579667617,0.08460076045627374,0.0024713920790845464,-0.0038342269505257484
SPCXBUSDT,24,-0.03362343375520149,-0.03454698726058841,-0.001400976406466729,0.00883868913689903,0.5416666666666666,-0.02091493607272199,0.023602761077710976,0.0004984320159498245,-0.004151769684751028
FORMUSDT,16,-0.03460942454998617,-0.035968192195935195,-0.0021630890343741355,0.013229315890484894,0.5625,-0.03139162153199959,0.022278268179907412,0.00033228801063321634,-0.00427351830569898
MIRAUSDT,52,-0.034935153945513275,-0.04188314022454771,-0.000671829883567563,0.016520602433878834,0.34615384615384615,-0.04163183414144778,0.04510652463382159,0.0010799360345579532,-0.004313738868525122
KERNELUSDT,13,-0.03548767248080009,-0.03622711581052026,-0.0027298209600615454,0.010694127517688494,0.5384615384615384,-0.02167545401288795,0.015228426395939021,0.0002699840086394883,-0.004381963004161238
BETAUSDT,43,-0.036194191921528396,-0.05100360023574456,-0.0008417253935239162,0.026673566352821854,0.3953488372093023,-0.059200054060547735,0.07174696913773038,0.000893024028576769,-0.004469202933820393
BABYUSDT,56,-0.03723433145669541,-0.0438872217420282,-0.0006648987760124181,0.015538501337346931,0.4642857142857143,-0.033337542619017446,0.032072368421052655,0.001163008037216257,-0.004597637757623878
PIXELUSDT,61,-0.03866423129323193,-0.05290992641513902,-0.0006338398572660973,0.022142361104382557,0.4426229508196721,-0.03366336633663369,0.1143187066974598,0.0012668480405391373,-0.004774199581641759
AAVEUSDT,246,-0.03936141170851315,-0.07544775692779813,-0.00016000573865249248,0.017056783312502075,0.508130081300813,-0.1269579885934613,0.10129450933920214,0.005108928163485701,-0.004860286342858374
ZKCUSDT,19,-0.0403920838062829,-0.04282372725141849,-0.0021258991476991,0.01624063566041095,0.3684210526315789,-0.04012529832935563,0.03194402190447221,0.0003945920126269444,-0.004987552142109981
RLCUSDT,25,-0.04260634400816632,-0.0553841782881062,-0.0017042537603266527,0.032491284969559955,0.48,-0.06454700993971008,0.06179449845787732,0.0005192000166144005,-0.005260965572970775
PERPUSDT,7,-0.04333207994059196,-0.04399884233599817,-0.0061902971343702805,0.013247428382439376,0.2857142857142857,-0.024550455702438634,0.013544520547945416,0.00014537600465203214,-0.00535057832535402
QTUMUSDT,9,-0.045205195996915304,-0.048359834723368106,-0.005022799555212811,0.02725504489112942,0.5555555555555556,-0.051980326171369495,0.026550659556553446,0.00018691200598118418,-0.0055818678038553225
QNTUSDT,14,-0.04525358160775439,-0.0454576012783492,-0.003232398686268171,0.004467702577529164,0.14285714285714285,-0.01156387665198233,0.0048661800486617945,0.00029075200930406427,-0.005587842384373257
ZENUSDT,86,-0.04584732215582055,-0.06242914762721097,-0.0005331083971607041,0.019780330526810504,0.4186046511627907,-0.06285524820007571,0.06438241158568592,0.001786048057153538,-0.005661156550499647
IOTXUSDT,31,-0.04693403457314793,-0.04991442748101079,-0.0015140011152628364,0.013963476059652945,0.4838709677419355,-0.03057685286600953,0.023033378879562694,0.0006438080206018566,-0.0057953421218827125
NPXSUSDT,14,-0.04737116064831448,-0.051549467795287754,-0.0033836543320224627,0.02532318851740632,0.2857142857142857,-0.03763405914852125,0.06815057555854853,0.00029075200930406427,-0.005849317774711743
CELOUSDT,21,-0.04874184311620133,-0.04966605684893543,-0.0023210401483905398,0.009255444699619518,0.5714285714285714,-0.030823425803610638,0.00990099009900991,0.00043612801395609646,-0.006018567529481719
DOGEUSDT,922,-0.04934187639339205,-0.22917050967015642,-5.351613491691111e-05,0.01974632131593896,0.4956616052060738,-0.1515729265967588,0.13983959068958884,0.019148096612739092,-0.006092658712084293
ENSOUSDT,32,-0.049723117367802105,-0.051852944886529286,-0.0015538474177438158,0.011609099788922097,0.375,-0.01971326164874554,0.022914757103574823,0.0006645760212664327,-0.0061397337589597705
UNIUSDT,249,-0.05094285418116817,-0.07327283686563749,-0.00020458977582798462,0.013427084299245107,0.4738955823293173,-0.050723659661630616,0.04911935499352116,0.005171232165479429,-0.00629034497737302
BANANAS31USDT,52,-0.0518079657828846,-0.058126606223972095,-0.0009963070342862423,0.015513532688302514,0.5384615384615384,-0.07195371821140173,0.023220244716351646,0.0010799360345579532,-0.006397167622201109
BAKEUSDT,49,-0.05377533406193047,-0.07451350148252589,-0.0010974557971822545,0.029580418806543655,0.4897959183673469,-0.0968636654576488,0.1282122517016253,0.001017632032564225,-0.006640095219636628
FIDAUSDT,52,-0.05378125600416006,-0.055956848339069165,-0.0010342549231569242,0.009163415732279502,0.46153846153846156,-0.02781413612565442,0.02515923566878997,0.0010799360345579532,-0.006640826451919526
ETHFIUSDT,95,-0.05554567089107032,-0.06570269318524856,-0.0005846912725375823,0.014629282721074381,0.49473684210526314,-0.05067920585161967,0.03354037267080745,0.001972960063134722,-0.006858693677858762
XAIUSDT,59,-0.05717520104231533,-0.06914664195920664,-0.0009690712041070395,0.02025191900085698,0.5423728813559322,-0.07179592676404034,0.06326530612244907,0.0012253120392099852,-0.007059905544903131
SNXUSDT,38,-0.05809538456405372,-0.060551530110458184,-0.001528825909580361,0.011431878717640082,0.34210526315789475,-0.022032693674484793,0.03015988372093026,0.0007891840252538888,-0.007173528385383245
FILUSDT,373,-0.05907236200659194,-0.10913867798123608,-0.00015837094371740467,0.016019648450906303,0.5040214477211796,-0.18035465696250363,0.05891447836345276,0.007746464247886856,-0.007294164051512623
EULUSDT,44,-0.059899673119885644,-0.06268334071984467,-0.0013613562072701283,0.011309319624087561,0.4772727272727273,-0.024659863945578175,0.03345388788426762,0.0009137920292413449,-0.007396319150395082
YFIUSDT,25,-0.060212860122407674,-0.06569258692543166,-0.002408514404896307,0.02119334785465718,0.4,-0.05084854559570551,0.05564445887175529,0.0005192000166144005,-0.007434990997898696
CTSIUSDT,21,-0.06040369019569036,-0.06705039596551413,-0.0028763661997947792,0.025373011444176374,0.3333333333333333,-0.07874015748031493,0.049660441426145896,0.00043612801395609646,-0.0074585544007016984
NMRUSDT,69,-0.06148432228858414,-0.07133333165217316,-0.0008910771346171614,0.01711251010621849,0.4057971014492754,-0.037077426390403456,0.07378984651711917,0.0014329920458557455,-0.0075919891830118595
GMXUSDT,29,-0.06255148820866263,-0.0643144868118553,-0.0021569478692642285,0.010934475730286976,0.4827586206896552,-0.03583786455758786,0.014305750350630975,0.0006022720192727046,-0.007723761183094865
RSRUSDT,25,-0.06296364038014524,-0.06508613130004742,-0.0025185456152058095,0.01296426423697329,0.4,-0.04019292604501612,0.019519519519519468,0.0005192000166144005,-0.007774653096857273
ZKUSDT,37,-0.0656120775236555,-0.06969369702939973,-0.0017732993925312296,0.014920564016394605,0.43243243243243246,-0.040694195092758845,0.034198113207547065,0.0007684160245893127,-0.008101678026091144
RDNTUSDT,24,-0.068438618616535,-0.07041911568205572,-0.0028516091090222914,0.012763989797400179,0.4166666666666667,-0.029268292682926744,0.02464709836432899,0.0004984320159498245,-0.008450694955996608
ZILUSDT,90,-0.06887933230120369,-0.08679616324285017,-0.0007653259144578188,0.01987064066274082,0.4888888888888889,-0.10873528924249964,0.08112615263880718,0.0018691200598118418,-0.008505113601307613
AIGENSYNUSDT,36,-0.07129827287627288,-0.07308124830468897,-0.001980507579896469,0.009931413930805778,0.3888888888888889,-0.01745129870129869,0.03946803946803956,0.0007476480239247367,-0.008803800648618267
OPNUSDT,121,-0.07187914126280615,-0.08862274181774228,-0.0005940424897752574,0.01670735609860735,0.45454545454545453,-0.06278026905829592,0.0633352701917489,0.0025129280804136985,-0.008875525380113485
ROSEUSDT,53,-0.07195114684337744,-0.07965545516927151,-0.0013575688083656123,0.017095860484866065,0.41509433962264153,-0.05716064111209085,0.04677095112451313,0.0011007040352225292,-0.008884416518024185
POWRUSDT,9,-0.07456298389368066,-0.07583672845903912,-0.00828477598818674,0.015349246828281211,0.3333333333333333,-0.03315963998105165,0.007847240387130583,0.00018691200598118418,-0.00920692212426022
HBARUSDT,179,-0.07515073877354739,-0.08865627325315213,-0.0004198365294611586,0.012257059865685307,0.5083798882681564,-0.06337521005041213,0.04766229520107523,0.0037174721189591076,-0.009279497189319353
REZUSDT,22,-0.0764117075882268,-0.0775977939421371,-0.0034732594358284907,0.009928712946780646,0.3181818181818182,-0.03689167974882268,0.010702341137123872,0.00045689601462067244,-0.009435199671591631
EGLDUSDT,32,-0.07874892623639596,-0.08583391592464555,-0.0024609039448873736,0.021284334519074098,0.375,-0.042883798738901024,0.06257554391619657,0.0006645760212664327,-0.00972379582154917
IOSTUSDT,31,-0.08067653644948314,-0.08442747406761927,-0.0026024689177252627,0.015565338940404237,0.41935483870967744,-0.027076746191434298,0.026203534430225384,0.0006438080206018566,-0.009961814154387462
AMBUSDT,27,-0.08407608768740127,-0.08737189625171109,-0.0031139291736074545,0.0156350307754842,0.2962962962962963,-0.0292397660818714,0.04311543810848395,0.0005607360179435526,-0.010381585492261688
LINEAUSDT,22,-0.0857108632240785,-0.08747323665770224,-0.0038959483283672047,0.01225883473358845,0.36363636363636365,-0.02759308510638292,0.01834862385321112,0.00045689601462067244,-0.010583445051400235
DOGSUSDT,72,-0.08862971926446084,-0.09811503616855555,-0.0012309683231175117,0.016264795300378186,0.5277777777777778,-0.05367364173782474,0.054625199362041243,0.0014952960478494734,-0.010943860888486985
BTCSTUSDT,79,-0.08867345738296939,-0.15601082651438616,-0.001122448827632524,0.044760237318220875,0.379746835443038,-0.07605985037406493,0.34896719319562575,0.0016406720525015057,-0.010949261603827778
KLAYUSDT,21,-0.09279585841637084,-0.09384908431197585,-0.004418850400779563,0.00914973224305255,0.2857142857142857,-0.024207011686143587,0.009854327335047097,0.00043612801395609646,-0.01145828931835187
MEUSDT,15,-0.09517205221558278,-0.09999242198462147,-0.006344803481038852,0.02505953690155656,0.4666666666666667,-0.06589403973509933,0.02666227781435171,0.0003115200099686403,-0.011751698059781658
AIXBTUSDT,39,-0.09802538190139332,-0.12303479761878378,-0.002513471330804957,0.036834177463704175,0.38461538461538464,-0.05796425796425797,0.13682993787025,0.0008099520259184648,-0.012104022803780054
GIGGLEUSDT,107,-0.0986112643556416,-0.11344508657989195,-0.0009216006014545944,0.016666312730351192,0.5046728971962616,-0.054798409994321395,0.051660146454007405,0.0022221760711096344,-0.012176366664614887
YGGUSDT,62,-0.09885447351474486,-0.10592445707633426,-0.0015944269921733042,0.015110454600102798,0.43548387096774194,-0.03901656867985037,0.03801418439716309,0.0012876160412037133,-0.01220639775606052
ORCAUSDT,43,-0.10118240221030494,-0.11164518368446222,-0.0023530791211698824,0.022398302486791814,0.32558139534883723,-0.05974735404574938,0.09874088800530156,0.000893024028576769,-0.012493846797013788
GUNUSDT,44,-0.10250674384785408,-0.1101214808188911,-0.0023296987238148655,0.01862798820990396,0.38636363636363635,-0.049067164179104505,0.04605722260990941,0.0009137920292413449,-0.012657374457604951
VTHOUSDT,20,-0.10324379690673102,-0.1105218253231077,-0.005162189845336551,0.026962663403086673,0.4,-0.07081174438687388,0.05794517494985518,0.0004153600132915204,-0.012748384631288504
IOUSDT,54,-0.10336956305533951,-0.10661129184532017,-0.0019142511676914723,0.01086442275772649,0.42592592592592593,-0.025615518527729364,0.021897810218977964,0.0011214720358871052,-0.012763914041132906
GALUSDT,27,-0.10342159224857084,-0.11448243572294131,-0.0038304293425396605,0.02861665857156791,0.5185185185185185,-0.08831949613512735,0.06657848324514992,0.0005607360179435526,-0.012770338525578859
OOKIUSDT,50,-0.105687234953871,-0.1184839508561083,-0.00211374469907742,0.022643343374612174,0.48,-0.06784810126582286,0.05236842105263162,0.001038400033228801,-0.013050096588625807
BSWUSDT,63,-0.10710354511268838,-0.11534686446453635,-0.0017000562716299743,0.016174796001774475,0.47619047619047616,-0.04662391006701738,0.04277537128712883,0.0013083840418682893,-0.013224980380221699
ARUSDT,8,-0.10904381021320342,-0.112395879105107,-0.013630476276650427,0.02659036333944232,0.375,-0.06995581737849776,0.008302583025830312,0.00016614400531660817,-0.01346456131902015
SXPUSDT,205,-0.10921593392553575,-0.16448256704741346,-0.0005327606532952963,0.02340994174251829,0.47804878048780486,-0.06929968915706719,0.14700049578582042,0.0042574401362380845,-0.013485814889256046
GLMRUSDT,46,-0.10972874282884004,-0.13803997356383274,-0.0023854074528008706,0.0358425021752606,0.41304347826086957,-0.08490129394482115,0.1504579860395252,0.000955328030570497,-0.013549135740847531
REUSDT,149,-0.10983057941025531,-0.15042700230594044,-0.0007371179826191631,0.023535121190505374,0.47651006711409394,-0.07297375252379579,0.12018669778296398,0.003094432099021827,-0.013561710364682705
HUMAUSDT,57,-0.11444751246727036,-0.117431524904366,-0.002007851095917024,0.010081246683087984,0.3684210526315789,-0.03335107326592168,0.01659412404787819,0.0011837760378808331,-0.01413180212991399
PYTHUSDT,25,-0.11761366615720592,-0.11928631522634554,-0.004704546646288237,0.010733215417162247,0.32,-0.022755227552275437,0.01795332136445249,0.0005192000166144005,-0.014522753898934414
MAVUSDT,36,-0.12007177804396041,-0.12462938427853172,-0.003335327167887789,0.015638270568374926,0.3888888888888889,-0.06054490413723501,0.036988110964332854,0.0007476480239247367,-0.014826277759330578
NFPUSDT,20,-0.12062354524396057,-0.12327864605664234,-0.0060311772621980285,0.015483312250461585,0.3,-0.030916899070953185,0.034377646062658807,0.0004153600132915204,-0.014894409121245577
IDUSDT,116,-0.12093548613839689,-0.13464823641894447,-0.0010425472942965249,0.015200114884305902,0.5258620689655172,-0.09934866201051551,0.038286776072326445,0.0024090880770908183,-0.014932927101246786
DYMUSDT,27,-0.12332085370025414,-0.12546472089509503,-0.0045674390259353385,0.011910578171386023,0.37037037037037035,-0.029081451708239836,0.02141700908977695,0.0005607360179435526,-0.01522746860472352
ASTERUSDT,256,-0.12381991975579887,-0.14561413962640554,-0.00048367156154608933,0.01302630041358567,0.47265625,-0.049354593773728084,0.03750000000000009,0.0053166081701314614,-0.01528909251069292
ACHUSDT,60,-0.12395757683830189,-0.128064304673468,-0.002065959613971698,0.011586642463767843,0.43333333333333335,-0.03383458646616555,0.02810548230395571,0.0012460800398745612,-0.015306090194694748
OGNUSDT,55,-0.12429248376664026,-0.1289518856352767,-0.002259863341211641,0.012922277478659,0.38181818181818183,-0.04052527534594752,0.03703703703703698,0.0011422400365516813,-0.015347443985102106
BLZUSDT,121,-0.12593251137935302,-0.1464145554936157,-0.0010407645568541572,0.018318231869816674,0.45454545454545453,-0.0762666666666667,0.05651777575205097,0.0025129280804136985,-0.015549952062480197
TURBOUSDT,66,-0.12932468905624783,-0.1369294903552591,-0.0019594649857007248,0.015116527000564125,0.45454545454545453,-0.045866469391529496,0.03184133915574949,0.0013706880438620174,-0.015968812924424206
NILUSDT,36,-0.12956230011485892,-0.13623774073613676,-0.0035989527809683034,0.019008063869401348,0.4722222222222222,-0.06249999999999989,0.03167420814479649,0.0007476480239247367,-0.01599815277106466
YFIIUSDT,22,-0.13414224607496184,-0.13977694792380665,-0.006097374821589174,0.021878146635313952,0.4090909090909091,-0.07320450304015402,0.018515328970031053,0.00045689601462067244,-0.01656367742667815
STRAXUSDT,43,-0.1365805728604108,-0.15242699817874564,-0.003176292392102577,0.027503893750722336,0.3953488372093023,-0.08260869565217388,0.11996251171508909,0.000893024028576769,-0.016864758253313752
GENIUSUSDT,15,-0.13666884040905491,-0.14039450733393216,-0.009111256027270328,0.020794413323081892,0.4,-0.052805887764489357,0.024925962487660325,0.0003115200099686403,-0.01687565739393324
WCTUSDT,48,-0.13691925167651142,-0.1419077234268645,-0.0028524844099273214,0.014239495959568154,0.4166666666666667,-0.040960140938119394,0.0400508582326764,0.000996864031899649,-0.016906577790598114
BIOUSDT,151,-0.13883675537075868,-0.17552269207646626,-0.000919448711064627,0.022261350032858125,0.4370860927152318,-0.094949494949495,0.13740920096852305,0.003135968100350979,-0.017143348186094746
MMTUSDT,63,-0.14329216115070698,-0.15516604629114772,-0.0022744787484239204,0.019222750718483162,0.5079365079365079,-0.08489483747609938,0.03862150920974461,0.0013083840418682893,-0.017693494812555593
AGIXUSDT,109,-0.14382389132575224,-0.15497169759261167,-0.0013194852415206629,0.014310821379296177,0.3853211009174312,-0.04643003333138418,0.04118875737476624,0.0022637120724387865,-0.017759152033566778
ZKPUSDT,23,-0.14384998336407306,-0.14840870554969932,-0.0062543471027857855,0.01919264993782841,0.43478260869565216,-0.04395604395604402,0.033986928104575265,0.0004776640152852485,-0.01776237383817194
RNDRUSDT,242,-0.14587359510823195,-0.16545371057105104,-0.0006027834508604625,0.012675207832295721,0.48760330578512395,-0.06633416458852859,0.03832923832923818,0.005025856160827397,-0.01801224629183843
JUPUSDT,79,-0.1465853226976782,-0.16244682140941494,-0.0018555104138946608,0.019614571862873083,0.4177215189873418,-0.12759957701797675,0.046478157805621256,0.0016406720525015057,-0.01810012931565978
ZROUSDT,126,-0.14661852677131415,-0.16427284042484844,-0.0011636391013596361,0.016683952631883787,0.4603174603174603,-0.07489277466182787,0.07184092366901873,0.0026167680837365787,-0.018104229303404506
EOSUSDT,172,-0.14763253283882838,-0.21336239735696896,-0.0008583286792955138,0.02626408858003242,0.5406976744186046,-0.2592795808071108,0.12088828489359749,0.003572096114307076,-0.018229437206972888
UNFIUSDT,134,-0.14817339022060627,-0.16929992354386292,-0.0011057715688104945,0.01785193231449546,0.4253731343283582,-0.043732631271025224,0.07842715943274614,0.002782912089053187,-0.01829622144137881
RAREUSDT,99,-0.14944399984364243,-0.1707607959483211,-0.001509535351955984,0.021147241082634056,0.3434343434343434,-0.047410358565737054,0.13883847549909256,0.002056032065793026,-0.018453114355781352
BARDUSDT,12,-0.15839174231661612,-0.16812643827026394,-0.01319931185971801,0.03773367436656234,0.16666666666666666,-0.1323172376584839,0.006559527714004698,0.00024921600797491226,-0.01955796778082764
BNXUSDT,53,-0.1603773237112811,-0.16938856724237053,-0.0030259872398354926,0.0181994715799007,0.4339622641509434,-0.060292850990525504,0.032704287284719635,0.0011007040352225292,-0.019803144305658348
ONDOUSDT,42,-0.16477650473876493,-0.16685722448793613,-0.003923250112827736,0.00923595971954811,0.2619047619047619,-0.02164948453608251,0.02457061068702293,0.0008722560279121929,-0.020346348386497168
MANAUSDT,161,-0.1667211705976852,-0.19347944667882733,-0.001035535221103635,0.01824446785921757,0.4658385093167702,-0.06771472937451162,0.0787884826143268,0.0033436481069967394,-0.02058647272414863
ETCUSDT,231,-0.16927130906630938,-0.20367115010315814,-0.0007327762297242831,0.017207499220125242,0.5064935064935064,-0.0844340844340844,0.07615230460921851,0.004797408153517061,-0.020901359884782943
VIDTUSDT,82,-0.16996920114401315,-0.18688888046405538,-0.002072795135902599,0.02033671555224011,0.3902439024390244,-0.08130718954248373,0.08002105817320349,0.0017029760544952338,-0.02098753452097667
HOOKUSDT,190,-0.17093673027027512,-0.21029734149104018,-0.0008996670014225006,0.020248511671882092,0.5,-0.08825414915592267,0.05607182233422581,0.003945920126269444,-0.02110700352360067
0GUSDT,13,-0.17236534778217139,-0.18015588396357965,-0.013258872906320876,0.03203580364081133,0.3076923076923077,-0.1061251228300032,0.011136586963642392,0.0002699840086394883,-0.02128340700815191
STORJUSDT,77,-0.17244324152572021,-0.18005531970112545,-0.0022395226172171457,0.013981070755536033,0.38961038961038963,-0.037071797278273144,0.05254831404907412,0.0015991360511723536,-0.02129302520733562
CHIPUSDT,94,-0.1755883673950528,-0.18735792922242098,-0.0018679613552665191,0.015905338710396136,0.39361702127659576,-0.03251291400790035,0.08848080133555913,0.001952192062470146,-0.021681380493535417
SOMIUSDT,106,-0.17566839858250483,-0.21146498504156372,-0.0016572490432311775,0.02623120451403462,0.44339622641509435,-0.06172741047930452,0.1299345993223544,0.0022014080704450584,-0.021691262620992035
WAVESUSDT,182,-0.17575079489642387,-0.19595566311754192,-0.0009656637082221092,0.014878712934532886,0.47802197802197804,-0.07363420427553447,0.05757341576506958,0.0037797761209528357,-0.02170143679061299
DATAUSDT,41,-0.1759959234934645,-0.18442962432110208,-0.004292583499840598,0.019979712284868282,0.34146341463414637,-0.045732925043269756,0.03736608309380718,0.0008514880272476169,-0.021731704891291472
BTCUSDT,533,-0.17882844944590226,-0.19435828561052337,-0.00033551303836004177,0.007631359505119454,0.48405253283302063,-0.035824545470688696,0.03950727188083514,0.011069344354219019,-0.022081460822414432
TFUELUSDT,94,-0.18096000443083204,-0.19763869186974825,-0.0019251064301152344,0.018826361979020278,0.4787234042553192,-0.04773016104502181,0.04955907281488692,0.001952192062470146,-0.022344661940784515
FFUSDT,83,-0.1821836775235509,-0.21931464581237653,-0.002194984066548806,0.029352174012654997,0.40963855421686746,-0.16741624598439653,0.08253258845437594,0.0017237440551598098,-0.022495759204894543
ZRXUSDT,13,-0.18304284975352747,-0.1914707360987037,-0.014080219211809806,0.03393340834282557,0.38461538461538464,-0.07697520754503862,0.04674969029145193,0.0002699840086394883,-0.02260184846527072
BERAUSDT,79,-0.18647406814653655,-0.19897443509979326,-0.0023604312423612223,0.017719385207958904,0.4050632911392405,-0.058158319870759256,0.07357357357357341,0.0016406720525015057,-0.02302553001456077
WUSDT,17,-0.19070452061822174,-0.19530207565750596,-0.011217912977542455,0.020665295928664545,0.29411764705882354,-0.054365733113673875,0.0277777777777779,0.0003530560112977924,-0.023547899753850278
BBUSDT,41,-0.20161091249930885,-0.20935590711919047,-0.004917339329251435,0.01871517562253423,0.4146341463414634,-0.08384349214799036,0.026893888962854495,0.0008514880272476169,-0.02489460418361148
BREVUSDT,59,-0.2028964397280898,-0.20887668719610752,-0.0034389227072557592,0.01380638316833606,0.3389830508474576,-0.06264815441923477,0.03139013452914785,0.0012253120392099852,-0.025053339100938272
EDENUSDT,37,-0.2039733553452746,-0.20924589053547715,-0.005512793387710125,0.016072466901007023,0.32432432432432434,-0.04920913884007028,0.03846153846153855,0.0007684160245893127,-0.025186314978566212
LINAUSDT,109,-0.20588242965857473,-0.22317360144588655,-0.001888829629895181,0.01745148754207368,0.42201834862385323,-0.1287534121929026,0.07725604592076785,0.0022637120724387865,-0.025422044527118645
UMAUSDT,91,-0.22026889422905682,-0.23095127067767784,-0.0024205372992204045,0.015251778963779735,0.3516483516483517,-0.04436450839328532,0.06722151088348283,0.0018898880604764179,-0.027198462959255498
KSMUSDT,25,-0.22900203069217318,-0.23713754956398056,-0.009160081227686927,0.023806224659180083,0.48,-0.07301069876295552,0.018276260100038577,0.0005192000166144005,-0.02827681716556113
ICPUSDT,278,-0.22949647252772554,-0.31395661080873677,-0.000825526879596135,0.025027113747188266,0.4712230215827338,-0.09104467012286066,0.21331502096284516,0.005773504184752134,-0.02833787007998577
AIUSDT,62,-0.2303383128927583,-0.24455862172782095,-0.0037151340789154563,0.02121075311974387,0.3870967741935484,-0.06345707342192974,0.06235720094489405,0.0012876160412037133,-0.028441819228439476
BELUSDT,43,-0.23257770680049472,-0.2481418281461299,-0.0054087838790812725,0.026290239017077652,0.46511627906976744,-0.086725663716814,0.03350189633375478,0.000893024028576769,-0.02871833613049199
OPGUSDT,19,-0.2360137013786613,-0.24000579455952997,-0.012421773756771648,0.016419857093679064,0.3157894736842105,-0.05490196078431375,0.010033444816053505,0.0003945920126269444,-0.029142607435750752
XVSUSDT,43,-0.24524123205231219,-0.26066977946842623,-0.005703284466332842,0.026078854340233677,0.4186046511627907,-0.0857896176902222,0.047581457386286274,0.000893024028576769,-0.03028200867581736
TUTUSDT,97,-0.24667813940314864,-0.43429418718939433,-0.002543073602094316,0.06216870961911905,0.4329896907216495,-0.17912433478471224,0.21084783413550534,0.002014496064463874,-0.030459435776881236
ARBUSDT,207,-0.2533485191522111,-0.2679400523342399,-0.0012239058896242082,0.011858715204595303,0.41545893719806765,-0.04021289178001175,0.07122507122507127,0.004298976137567237,-0.03128308396907846
ZAMAUSDT,148,-0.26339168704759086,-0.2915950326589182,-0.0017796735611323707,0.019340978332519895,0.39864864864864863,-0.11032863849765262,0.05223214285714284,0.003073664098357251,-0.03252319883392185
ATOMUSDT,329,-0.2699536333300181,-0.3093732350381099,-0.000820527760881514,0.01548154497115226,0.45288753799392095,-0.051662707838479816,0.05430387059503183,0.006832672218645511,-0.033333457829082674
TSTUSDT,62,-0.2824673329671452,-0.3159238617862419,-0.004555924725276535,0.03263211647497164,0.3225806451612903,-0.12441860465116261,0.12128922815945731,0.0012876160412037133,-0.03487863013884021
LEVERUSDT,105,-0.2896446699215718,-0.3048262071701407,-0.0027585206659197312,0.016911994729462136,0.3333333333333333,-0.05972359328726551,0.08622620380739088,0.0021806400697804824,-0.03576487662400241
VANAUSDT,26,-0.2969637241478841,-0.3015442500578792,-0.011421681697995541,0.014955325780372598,0.19230769230769232,-0.04549916560321976,0.019116146700316694,0.0005399680172789766,-0.036668622139082396
HIFIUSDT,44,-0.2970619463648134,-0.3371231233294465,-0.006751407871927578,0.03992268288151753,0.5454545454545454,-0.22446324007807417,0.038730158730158726,0.0009137920292413449,-0.036680750466771515
CHZUSDT,385,-0.3064529923690372,-0.3871834130022751,-0.0007959817983611356,0.020412837436985756,0.5012987012987012,-0.10575488224226304,0.0806076669085094,0.007995680255861767,-0.0378403423273859
BANDUSDT,31,-0.3079415990098412,-0.33249499022128215,-0.009933599968059393,0.0388680767138893,0.22580645161290322,-0.12802547770700645,0.11653813196229645,0.0006438080206018566,-0.03802415317695009
XPLUSDT,234,-0.32210570771287395,-0.3698317447934216,-0.0013765201184310853,0.020251776219568796,0.44871794871794873,-0.06899123624836834,0.08813131313131306,0.004859712155510789,-0.03977311544989678
SYNUSDT,107,-0.32741669927316464,-0.38714775822423736,-0.003059969152085651,0.0331899848930113,0.411214953271028,-0.1031690215885599,0.07851929434098115,0.0022221760711096344,-0.040428908487470536
WLDUSDT,632,-0.33145269066073735,-0.43327263884488126,-0.0005244504599062299,0.017868551744887502,0.48575949367088606,-0.13257575757575757,0.08604864616796681,0.013125376420012045,-0.04092726647234614
APEUSDT,443,-0.3466292945713413,-0.41955750542059894,-0.0007824589042242467,0.018149782880459663,0.48306997742663654,-0.10898782856916311,0.11685708168707043,0.009200224294407177,-0.04280125009020824
TAOUSDT,349,-0.34879977485911995,-0.3791777138680743,-0.000999426288994613,0.01315311868542942,0.4584527220630373,-0.06620780072107524,0.052700675168791955,0.007248032231937032,-0.04306925764487256
DYDXUSDT,180,-0.3681258758658006,-0.3945521335701965,-0.0020451437548100033,0.016975085925867647,0.4777777777777778,-0.07894736842105265,0.06038365304420368,0.0037382401196236837,-0.04545561475724096
POLYXUSDT,63,-0.3909584495798053,-0.40780213625942596,-0.0062056896758699255,0.021902225911917744,0.38095238095238093,-0.1088721804511279,0.028752642706131093,0.0013083840418682893,-0.048274945705436674
GRTUSDT,129,-0.3955366383728517,-0.4484223133154653,-0.003066175491262416,0.02831368819604709,0.37209302325581395,-0.1476810367811563,0.08951086956521737,0.0026790720857303068,-0.04884025338877513
BANKUSDT,146,-0.399468830204494,-0.6462515325247898,-0.0027360878781129724,0.05845657656267468,0.3972602739726027,-0.19852125693160816,0.26144036009002236,0.003032128097028099,-0.0493257943647533
XEMUSDT,58,-0.4076442293776047,-0.46180926073343365,-0.007028348782372495,0.040836413432126295,0.4827586206896552,-0.21833761782347905,0.03832752613240431,0.0012045440385454092,-0.050335280031648014
NXPCUSDT,55,-0.4141771670695473,-0.42363432088446634,-0.007530493946719043,0.016791035093155115,0.2727272727272727,-0.07118967988533209,0.02409761057447901,0.0011422400365516813,-0.05114195709084572
ENAUSDT,754,-0.4242252939025527,-0.5139163399212249,-0.0005626330157858789,0.015443125530065448,0.46551724137931033,-0.06180193596425909,0.07683863885839726,0.01565907250109032,-0.052382684277650415
GASUSDT,87,-0.4287891762769106,-0.49342709973726345,-0.004928611221573685,0.03779238701241249,0.4482758620689655,-0.13017144986954887,0.08829122521054078,0.001806816057818114,-0.05294622542649864
SLPUSDT,208,-0.4296983030884286,-0.47737674049420886,-0.002065857226386676,0.021416892810400493,0.38461538461538464,-0.047208821502412124,0.06447534766118834,0.004319744138231813,-0.053058483001472555
SUIUSDT,646,-0.4546877935478776,-0.49750091759475923,-0.0007038510736035256,0.011500656275293172,0.44272445820433437,-0.041975308641975406,0.04139668826493881,0.01341612842931611,-0.056144146699067546
GXSUSDT,69,-0.47214739010333295,-0.48696656584362186,-0.006842715798599028,0.019579895136511965,0.2753623188405797,-0.06135486981677907,0.05614054533362878,0.0014329920458557455,-0.05830003072372369
ENSUSDT,106,-0.475257177611654,-0.497849933920354,-0.004483558279355226,0.019776353722055686,0.44339622641509435,-0.1109570041608876,0.02901998097050429,0.0022014080704450584,-0.05868402248366901
ANCUSDT,102,-0.5039253929173068,-0.5264531430350913,-0.004940445028601047,0.020470793437507115,0.3627450980392157,-0.06718282942127696,0.08506838130230676,0.0021183360677867543,-0.06222392944523898
DEXEUSDT,116,-0.5279968846510641,-0.7295966846834393,-0.00455169728147469,0.057609465962358476,0.41379310344827586,-0.33577816223592194,0.3215369059656217,0.0024090880770908183,-0.06519624007759633
SEIUSDT,267,-0.5567246320554456,-0.5924851387734371,-0.00208511098148107,0.016257474943637107,0.42696629213483145,-0.044495412844036686,0.061152599690009746,0.005545056177441798,-0.06874349797079844
RUNEUSDT,346,-0.5897145486987658,-0.642595244574132,-0.001704377308377936,0.01731704825385838,0.43641618497109824,-0.1018675721561969,0.07874682472480954,0.007185728229943304,-0.0728170419407391
XLMUSDT,208,-0.5939074045456523,-0.626526489953115,-0.002855324060315636,0.017371304153474723,0.41346153846153844,-0.08388029814217368,0.0591166477916194,0.004319744138231813,-0.07333476930684849
ACTUSDT,98,-0.5952280614569021,-0.6592243283272718,-0.006073755729152063,0.033090985790416215,0.41836734693877553,-0.2738301559792028,0.03597122302158273,0.00203526406512845,-0.07349784198312552
SENTUSDT,108,-0.6232778276777294,-0.6499474078648575,-0.005771090997016014,0.021286568649482494,0.37037037037037035,-0.0946014127144299,0.08126934984520129,0.0022429440717742105,-0.0769613838066006
XRPUSDT,1117,-0.6367635084161481,-0.7254260171627092,-0.0005700658087879572,0.012605265403040983,0.4852282900626679,-0.08509354254677126,0.1422391595426924,0.023197856742331414,-0.07862657484198485
OPUSDT,584,-0.9544959254670569,-1.037690607984947,-0.001634410831279207,0.016797015663755823,0.4674657534246575,-0.08833151581243193,0.12398246712586092,0.012128512388112396,-0.11785968311340174
