bin,n,x_lo,x_hi,x_mean,y_mean,y_sd,se,ci_lo,ci_hi
0,1997,-4.134182166550217,-3.040894928336212,-3.308400627959011,-0.0001827665741526316,0.017925698242230937,0.0004011317598606647,,
1,1997,-3.040894928336212,-2.7875129619747243,-2.902165606157173,4.790284316987898e-05,0.017709374335433212,0.00039629097830442525,,
2,1997,-2.7875129619747243,-2.6191448236859514,-2.69864576757122,0.00031331327680952275,0.019594042889550554,0.00043846509077978156,,
3,1997,-2.6191448236859514,-2.493593001824787,-2.553773715134471,-0.00019114230036220095,0.016237215463420905,0.0003633477885248737,,
4,1997,-2.493593001824787,-2.3900227325194137,-2.441389246900862,0.000405544510424803,0.016974245807272248,0.0003798406623256437,,
5,1997,-2.3900227325194137,-2.30033409864181,-2.3442342565592953,-0.0006000888519873476,0.016553038308214328,0.0003704151044990837,,
6,1997,-2.30033409864181,-2.226792590012488,-2.2627404845133743,-0.00020367148076589784,0.01741164972604742,0.00038962865503517626,,
7,1997,-2.226792590012488,-2.159587832416076,-2.1930298491224596,6.0207261543311004e-05,0.01663042260524978,0.0003721467692206443,,
8,1997,-2.159587832416076,-2.1015323356288325,-2.1300032439860033,-0.00024493120383351294,0.015790581888981844,0.0003533532594802242,,
9,1996,-2.1015323356288325,-2.0464062019152256,-2.073678239845665,-0.0003582760644214811,0.015372151775561605,0.0003440760115277853,,
10,1997,-2.0464062019152256,-1.999860379686659,-2.022620760512546,-0.0009986270130660571,0.028087674541529106,0.0006285310712580057,,
11,1997,-1.999860379686659,-1.954370982735006,-1.9767241572945218,0.0005604920333817684,0.0173581125013913,0.00038843062744070453,,
12,1997,-1.954370982735006,-1.9126404889988466,-1.9327985933716085,3.8232561940940756e-05,0.017794178038739054,0.00039818867056110025,,
13,1997,-1.9126404889988466,-1.8740598459977542,-1.892986305953423,-0.0006300305861718668,0.01651045060120894,0.0003694620993983253,,
14,1997,-1.8740598459977542,-1.8367137998617806,-1.8549490109990332,0.00014705868918067118,0.016184101393788147,0.00036215923006889365,,
15,1997,-1.8367137998617806,-1.8029921520834973,-1.8197059160989266,0.0004736683175147697,0.018929545055331603,0.00042359531097751514,,
16,1997,-1.8029921520834973,-1.7698456671720637,-1.7865508465371314,-0.00051374398979626,0.021955399828656894,0.000491306282896437,,
17,1997,-1.7698456671720637,-1.739394269528984,-1.7548783286382712,6.0968311226599745e-05,0.017302533784396085,0.0003871869164143432,,
18,1997,-1.739394269528984,-1.7103019885925097,-1.7248825845316473,0.00017707020587767446,0.014596102221095463,0.00032662382753161323,,
19,1996,-1.7103019885925097,-1.6822445280117977,-1.6963460714452372,-0.00018620902623494277,0.01686294259704008,0.0003774444928806702,,
20,1997,-1.6822445280117977,-1.6546463457212286,-1.668496867860073,0.00022981182380934972,0.015641481443434944,0.0003500167688559798,,
21,1997,-1.6546463457212286,-1.628355399111725,-1.6415311158782444,-3.2212582649029924e-05,0.015407341229375312,0.0003447773034331699,,
22,1997,-1.628355399111725,-1.602734590267111,-1.6154342448518384,0.00037440702495946526,0.018081249087554367,0.00040461259410707657,,
23,1997,-1.602734590267111,-1.5783205647963694,-1.5905088646161882,-0.0006084803619570504,0.015916630654349933,0.0003561739118418291,,
24,1997,-1.5783205647963694,-1.555303601703012,-1.5667173145436115,-0.00042914748085439857,0.020625686732062,0.0004615506690654356,,
25,1997,-1.555303601703012,-1.5325980665237007,-1.543986551745938,0.0004318224786744593,0.017770514656654173,0.00039765914395791327,,
26,1997,-1.5325980665237007,-1.5113814087417297,-1.5219795249544936,0.00031008569675406057,0.016201570442900347,0.0003625501431769231,,
27,1997,-1.5113814087417297,-1.4907241605114547,-1.501037339733358,-0.00015706502186770186,0.016068677646417635,0.0003595763387200162,,
28,1996,-1.4907241605114547,-1.4705378714346458,-1.480566000548648,-0.00012108768832260506,0.02427817368287138,0.0005434201593859842,,
29,1997,-1.4705378714346458,-1.451054398718713,-1.4608045514086658,-0.00012875018813208116,0.016371458663895857,0.00036635181160549115,,
30,1997,-1.451054398718713,-1.4320877527168288,-1.441723745266108,-0.0008131744536090993,0.016941385671407155,0.0003791053356482275,,
31,1997,-1.4320877527168288,-1.4139987100357114,-1.4229839425687394,0.00023489982507433533,0.01478561278386876,0.00033086459430846024,,
32,1997,-1.4139987100357114,-1.39618207076216,-1.4051464648787364,-0.00023042990798262522,0.014333037282538551,0.0003207370999779624,,
33,1997,-1.39618207076216,-1.3786983861818474,-1.3873992547877625,-0.00012168681814917738,0.0171284226126577,0.00038329074903569783,,
34,1997,-1.3786983861818474,-1.3619034401156507,-1.370355847363927,-0.000461967673856605,0.014879717664271225,0.00033297042336890865,,
35,1997,-1.3619034401156507,-1.345970435820987,-1.3538730841407862,-8.998485194670592e-05,0.014604380215505783,0.00032680906809636325,,
36,1997,-1.345970435820987,-1.3299424750110842,-1.3379067944959926,-0.0005291577637770646,0.015131508233010604,0.0003386048590594971,,
37,1997,-1.3299424750110842,-1.3145681584195876,-1.3221327711298765,-0.00033298682231751634,0.014212420236996781,0.00031803799575933964,,
38,1996,-1.3145681584195876,-1.2991770842866395,-1.306813475944728,-0.0003165516568870213,0.015722041288166164,0.0003519076143983586,,
39,1997,-1.2991770842866395,-1.2846011950901308,-1.2919120111046851,-8.595704364532613e-05,0.014890407748031066,0.0003332096403887255,,
40,1997,-1.2846011950901308,-1.2704425671400679,-1.2775895787981373,9.456557869234136e-06,0.01566888948019303,0.00035063009135368844,,
41,1997,-1.2704425671400679,-1.2566336261974576,-1.263497873913669,-0.0005220467762464937,0.013894278525412727,0.0003109187894150007,,
42,1997,-1.2566336261974576,-1.2427942289755904,-1.2496874626946843,0.0004905314543110317,0.015758228446804995,0.00035262927132519796,,
43,1997,-1.2427942289755904,-1.2294981858911014,-1.2362661146044618,0.0003599159669277884,0.01602968680505223,0.00035870382236924414,,
44,1997,-1.2294981858911014,-1.2160106403483635,-1.2225705338950887,0.0003767097572996551,0.017616702500945776,0.00039421721718476717,,
45,1997,-1.2160106403483635,-1.2028847706063932,-1.2095211254265388,0.0006102991424507642,0.016873883788150086,0.00037759481433636996,,
46,1997,-1.2028847706063932,-1.1904642173214928,-1.1967162927827764,-0.00022821204749544192,0.014283668248676058,0.0003196323459444917,,
47,1997,-1.1904642173214928,-1.178173723337633,-1.184314742477654,-0.0004262583036281345,0.01499088387570233,0.00033545804183853943,,
48,1996,-1.178173723337633,-1.1660057193590303,-1.1720386596120083,0.0003543124002188959,0.022979584683075024,0.0005143537456406995,,
49,1997,-1.1660057193590303,-1.1543371625373966,-1.1600555185383727,-5.702530450566437e-05,0.014907618257285853,0.00033359476802906514,,
50,1997,-1.1543371625373966,-1.1428716874078713,-1.148563904741581,0.00010039320393189295,0.015012667903409703,0.0003359455132470743,,
51,1997,-1.1428716874078713,-1.1310723174447004,-1.1370339650481316,0.0004628846153527052,0.015789820294560185,0.00035333621692452944,,
52,1997,-1.1310723174447004,-1.1196041214575512,-1.1254243149080947,-3.81017305108135e-05,0.013853058433316794,0.00030999638807472225,,
53,1997,-1.1196041214575512,-1.108621493078668,-1.1140729937487843,-1.4226191604297394e-05,0.01591933074649954,0.00035623433307067735,,
54,1997,-1.108621493078668,-1.0980332295635937,-1.1032692785242306,-5.929487582901217e-05,0.01407152534641765,0.0003148851246884525,,
55,1997,-1.0980332295635937,-1.0869913499136976,-1.092344335025287,-0.001589757775469446,0.019649566470660792,0.0004397075680045763,,
56,1997,-1.0869913499136976,-1.0761986719659833,-1.0816703671881835,-5.963962133139286e-05,0.017231356205786877,0.0003855941423430455,,
57,1996,-1.0761986719659833,-1.06541452514196,-1.0707860913316063,-0.00011381860047453544,0.014172929211080714,0.0003172337240624293,,
58,1997,-1.06541452514196,-1.0548531304099684,-1.060211295578181,0.00019445841163123528,0.014010491453979012,0.0003135193406417603,,
59,1997,-1.0548531304099684,-1.0449306715771673,-1.0498972758004232,0.00036875908111374856,0.016278007312666376,0.0003642606068739664,,
60,1997,-1.0449306715771673,-1.034912877285101,-1.0398827346943997,-0.0003833583549910711,0.014069282712197257,0.00031483494021031423,,
61,1997,-1.034912877285101,-1.0248176454583193,-1.0298909028756875,-0.00031976846834556676,0.014672174424811784,0.00032832613092536987,,
62,1997,-1.0248176454583193,-1.0149322712536328,-1.0198078659184102,-0.00040737648463977556,0.014043163461533918,0.0003142504574837143,,
63,1997,-1.0149322712536328,-1.0052009480522697,-1.0099309919713644,0.0003066628249098146,0.013228370613707676,0.00029601745564725434,,
64,1997,-1.0052009480522697,-0.9961724942215519,-1.0005946901442262,0.00047463657911675245,0.015359084490276892,0.0003436974397414961,,
65,1997,-0.9961724942215519,-0.98664738162773,-0.9913700446690176,0.0004401001328425412,0.01802312941204809,0.0004033120228599583,,
66,1997,-0.98664738162773,-0.9773764225714854,-0.9820244105089124,2.5069592430921404e-05,0.014081451658222456,0.0003151072504248886,,
67,1996,-0.9773764225714854,-0.9684573446281549,-0.9730380810336382,-3.403746335466282e-05,0.01421974104823244,0.0003182815168798968,,
68,1997,-0.9684573446281549,-0.9593744426882302,-0.9639620622466254,0.0005353629440790156,0.015232155821563615,0.0003408570973699071,,
69,1997,-0.9593744426882302,-0.9503059104697535,-0.9547736051264197,0.00045890684430203885,0.014770963205905627,0.0003305367738291596,,
70,1997,-0.9503059104697535,-0.9414748255139551,-0.9458240907342101,-0.0002321673191994374,0.013405648319237582,0.0002999844820382119,,
71,1997,-0.9414748255139551,-0.9327309400759078,-0.9369800218081731,-0.0002614643215811082,0.014312919418851414,0.0003202869131034313,,
72,1997,-0.9327309400759078,-0.9240795766886781,-0.9283876806484698,5.172599984062824e-05,0.013751029879825126,0.00030771324726396537,,
73,1997,-0.9240795766886781,-0.9155632210615535,-0.9197529531192432,0.0001536364936975341,0.01678451551973806,0.0003755949786647329,,
74,1997,-0.9155632210615535,-0.9072001631485138,-0.9113051331998656,-2.7667878244865898e-05,0.014240279007102596,0.00031866140452864336,,
75,1997,-0.9072001631485138,-0.8990918902037859,-0.9030930889340739,-0.00013911796064779833,0.015186668358277856,0.0003398392030623689,,
76,1996,-0.8990918902037859,-0.8909863874914329,-0.8949368677522818,0.0001385285128287455,0.01628482408282509,0.000364504423366284,,
77,1997,-0.8909863874914329,-0.8829929583457001,-0.8870111722919348,0.0005542061908214528,0.014534819235557465,0.00032525246941176835,,
78,1997,-0.8829929583457001,-0.8748775720311154,-0.8789467709326169,-0.00036517458711767935,0.013059041176060972,0.0002922282913758499,,
79,1997,-0.8748775720311154,-0.8673442914007627,-0.8709934887162861,2.30763795681007e-05,0.013302695965517376,0.0002976806689163168,,
80,1997,-0.8673442914007627,-0.8595142849214706,-0.8633964155938575,0.00033183873864071174,0.012875667362802453,0.0002881248495221062,,
81,1997,-0.8595142849214706,-0.8518991890151656,-0.85564173267302,4.263461211471072e-06,0.013166366898307235,0.00029462996941712896,,
82,1997,-0.8518991890151656,-0.8441642181838627,-0.8479594803580188,0.00017499844085750626,0.013733699152312819,0.00030732542944327375,,
83,1997,-0.8441642181838627,-0.8368519613605361,-0.8404615277536158,4.433917255453885e-05,0.014059994541897575,0.00031462709446573845,,
84,1997,-0.8368519613605361,-0.8291922337247172,-0.8330239711782302,-0.00017031790737396014,0.01288827160166764,0.0002884069004887896,,
85,1997,-0.8291922337247172,-0.8216649283412889,-0.8253506068217442,-0.0003500824391852315,0.014186783770429406,0.00031746431651896544,,
86,1996,-0.8216649283412889,-0.8142834936654234,-0.8179581919298676,7.896011638151959e-05,0.016312773751241686,0.0003651300228641757,,
87,1997,-0.8142834936654234,-0.8070226841396804,-0.8106180761985737,-1.0076884084320515e-05,0.013742970176875676,0.00030753289150965224,,
88,1997,-0.8070226841396804,-0.7997891647639233,-0.8034769198210441,-0.0002600813845740616,0.01674835633992723,0.0003747858277331131,,
89,1997,-0.7997891647639233,-0.7924181623306937,-0.7962073099604938,0.00021616471726161403,0.01635893684824813,0.00036607160506181574,,
90,1997,-0.7924181623306937,-0.7853365147608056,-0.7888907458888953,0.0003228504508927184,0.015636620948702,0.0003499080032849168,,
91,1997,-0.7853365147608056,-0.7784850266929595,-0.781856894095822,0.0002920386479347552,0.014930621160317391,0.00033410951478259505,,
92,1997,-0.7784850266929595,-0.7714421897182082,-0.7749199110537452,-0.0001406482087276345,0.013507029021664304,0.00030225312558173283,,
93,1997,-0.7714421897182082,-0.7646491001668155,-0.7679905253648602,0.0001925358015171876,0.016780699389140865,0.0003755095833199253,,
94,1997,-0.7646491001668155,-0.7577937510440087,-0.7612363591079779,-0.00025702713532029995,0.013157262664408849,0.00029442623970370337,,
95,1997,-0.7577937510440087,-0.7510247447727009,-0.7544514856951027,-0.0002548487659381999,0.013377152892374981,0.000299346826501958,,
96,1996,-0.7510247447727009,-0.7441494261749176,-0.7475634652597059,2.1497184230353887e-05,0.013363509090655562,0.0002991164135679425,,
97,1997,-0.7441494261749176,-0.7373921637417457,-0.7407044178272246,0.00020944250015333358,0.013765875361040028,0.0003080454515622439,,
98,1997,-0.7373921637417457,-0.7310690490996514,-0.7342225801484469,-7.099570480802953e-06,0.014048658919992685,0.0003143734319359793,,
99,1997,-0.7310690490996514,-0.7246112393291214,-0.7278270234659653,0.0007225501280881502,0.014771637774746047,0.00033055186897259267,,
100,1997,-0.7246112393291214,-0.7181569501622069,-0.7214868567337408,-1.5659793482046806e-05,0.014321623480125764,0.00032048168796629766,,
101,1997,-0.7181569501622069,-0.7116606194642423,-0.7148949728895025,0.0003800567518678126,0.014573781176905496,0.0003261243390532925,,
102,1997,-0.7116606194642423,-0.7052475827688229,-0.7084546825091405,0.0001684395962268126,0.01292732335426033,0.0002892807798786727,,
103,1997,-0.7052475827688229,-0.698527772747795,-0.7019126963944986,-0.00034315355828645267,0.015933062890471507,0.00035654162369912033,,
104,1997,-0.698527772747795,-0.6922612122240658,-0.6953941572078487,-0.00023911177708422758,0.013823141191425947,0.00030932691591650086,,
105,1996,-0.6922612122240658,-0.6858837115111992,-0.6890450273377513,0.00027618504520580305,0.014525074151289313,0.0003251158103360823,,
106,1997,-0.6858837115111992,-0.6798249838441033,-0.6829253047393526,-0.0006345205536022958,0.014205071363111142,0.0003178735465604908,,
107,1997,-0.6798249838441033,-0.6736800806194482,-0.6767338807907484,8.829610643428511e-05,0.014358031035719906,0.0003212963969193524,,
108,1997,-0.6736800806194482,-0.6675079609930885,-0.6705571040052808,4.031665103394204e-05,0.013564058453611897,0.0003035292999372231,,
109,1997,-0.6675079609930885,-0.66116516450886,-0.6643616781679051,-8.073889890085596e-05,0.012758491111505442,0.000285502741570634,,
110,1997,-0.66116516450886,-0.6553553743379075,-0.6582953952567335,-2.0192226177196705e-05,0.01484898285659951,0.0003322826561576271,,
111,1997,-0.6553553743379075,-0.649438413672322,-0.652452872466619,-9.196701923148547e-05,0.014357855341003452,0.0003212924653162507,,
112,1997,-0.649438413672322,-0.6436436800433866,-0.6465303996019657,0.0002618427291691902,0.013988304901205065,0.00031302286174095587,,
113,1997,-0.6436436800433866,-0.6375301681686746,-0.6405978789204987,5.418799792147503e-05,0.013375458288785766,0.00029930890556237604,,
114,1997,-0.6375301681686746,-0.6316013237334585,-0.6345968734993116,-0.0002657456617617953,0.013090938093178343,0.0002929420636554299,,
115,1996,-0.6316013237334585,-0.6257502696762232,-0.6286751565234472,-0.00040766234999941144,0.02388139180428416,0.0005345389612151571,,
116,1997,-0.6257502696762232,-0.6201807391544151,-0.623008818702518,-0.00037186027927990303,0.014194785228338737,0.0003176433688966887,,
117,1997,-0.6201807391544151,-0.6144163940679208,-0.6173071006373972,-1.0108539650440113e-06,0.014168140480166643,0.0003170471268657849,,
118,1997,-0.6144163940679208,-0.6087700111838201,-0.6115686302584563,-7.52595679889834e-05,0.01400302158692809,0.00031335218392208495,,
119,1997,-0.6087700111838201,-0.6032826964385887,-0.6060397441802725,0.0006239195877174146,0.01439658972084314,0.0003221592427071364,,
120,1997,-0.6032826964385887,-0.5976419264690367,-0.6004364948512854,0.00033052545684143043,0.015109527157716377,0.00033811297822466127,,
121,1997,-0.5976419264690367,-0.592162048731341,-0.5948835117276089,0.0001861364743964042,0.013693568253388388,0.0003064274014896166,,
122,1997,-0.592162048731341,-0.5868365484364488,-0.5894987653954131,0.00029829841840290435,0.01407276322624758,0.0003149128253061894,,
123,1997,-0.5868365484364488,-0.5812897582113644,-0.5840829730543194,-0.00042612799279973754,0.01346186088166358,0.0003012423769211625,,
124,1996,-0.5812897582113644,-0.5757249820364717,-0.5785437598467,0.00016833233898215147,0.014821880381595308,0.00033175924616805474,,
125,1997,-0.5757249820364717,-0.5702072075926737,-0.5729512478796676,-0.00014299628068808608,0.013129352357475891,0.0002938016776706389,,
126,1997,-0.5702072075926737,-0.5647396838531779,-0.5674633999675385,0.0004502935674693914,0.012357034950802169,0.0002765191687092753,,
127,1997,-0.5647396838531779,-0.5593187516763444,-0.5620080736350463,-0.00026490851996643173,0.015059728792101067,0.000336998616833126,,
128,1997,-0.5593187516763444,-0.5538874984686722,-0.556583028668142,4.699928339467555e-05,0.014802333812767533,0.0003312387686172213,,
129,1997,-0.5538874984686722,-0.5486574123567566,-0.5512900320306653,0.00021000281077509445,0.013019378265128377,0.0002913407358090544,,
130,1997,-0.5486574123567566,-0.5434984204890982,-0.5460777728594917,-3.1620532767225116e-06,0.014175818380699477,0.0003172189388482891,,
131,1997,-0.5434984204890982,-0.538175886853675,-0.5408123403918338,2.6096202931440212e-05,0.013999710872885531,0.00031327809852064943,,
132,1997,-0.538175886853675,-0.5329261611781618,-0.5355458063653998,-7.33863343597843e-05,0.013583948537920686,0.00030397438968573647,,
133,1997,-0.5329261611781618,-0.5276039354617126,-0.5302659528352595,0.0003190197111841699,0.014510383806291147,0.0003247056663465769,,
134,1996,-0.5276039354617126,-0.522455476360362,-0.5250025140964213,-0.00027593141335330686,0.012961548483848203,0.00029011929953987005,,
135,1997,-0.522455476360362,-0.5173142746564888,-0.5198535860069567,0.0003062001736166588,0.014155174600335047,0.0003167569832895231,,
136,1997,-0.5173142746564888,-0.5120026848074439,-0.5146792608670152,3.3531895726002785e-06,0.014467582661497488,0.00032374788504829067,,
137,1997,-0.5120026848074439,-0.5067101906806541,-0.5093943218282124,0.00028519654117166015,0.014146347035862586,0.0003165594447376479,,
138,1997,-0.5067101906806541,-0.5015408291991723,-0.5041284678117829,-4.594269845735419e-05,0.012482039195529529,0.0002793164473424394,,
139,1997,-0.5015408291991723,-0.4965203128269303,-0.4989480340122651,0.00014604084152307467,0.016703370431314393,0.0003737791569498079,,
140,1997,-0.4965203128269303,-0.49130309632184666,-0.49388542032434957,0.00039587721414015243,0.015957377703672185,0.00035708572768202086,,
141,1997,-0.49130309632184666,-0.4861255097205581,-0.48872771594847003,7.178221244030569e-05,0.013419304953249887,0.00030029008294486017,,
142,1997,-0.4861255097205581,-0.48096350083241707,-0.4835297368855403,0.00018051056522642645,0.014044807800201637,0.00031428725362156484,,
143,1997,-0.48096350083241707,-0.4758382609055997,-0.47841239542345626,8.713397730303988e-05,0.013813325056716211,0.00030910725566461343,,
144,1996,-0.4758382609055997,-0.47095024861037843,-0.4733618765681594,0.00016271580180339277,0.012143650674674671,0.0002718122323103402,,
145,1997,-0.47095024861037843,-0.4660130933405261,-0.4684956647236345,0.0002065450402896258,0.014713780405704145,0.00032925716748029543,,
146,1997,-0.4660130933405261,-0.4609287635208897,-0.4635161372960307,0.00019161974495506733,0.012500871432706999,0.00027973786514937955,,
147,1997,-0.4609287635208897,-0.4560517348195689,-0.45846183561627163,0.0002935409948468666,0.014807614065865442,0.00033135692731815736,,
148,1997,-0.4560517348195689,-0.4510420410185567,-0.4536343729479987,0.0003147178758592931,0.013343437938900717,0.00029859237116984207,,
149,1997,-0.4510420410185567,-0.44632329170916407,-0.4487045322533415,3.055248202530027e-05,0.012653162054646647,0.0002831457438475163,,
150,1997,-0.44632329170916407,-0.44158213696671084,-0.44394189066638334,0.00023904889016797208,0.012503266963963883,0.0002797914710762389,,
151,1997,-0.44158213696671084,-0.4366551396259308,-0.4391585910305678,0.0005000359490324686,0.014204257692814476,0.00031785533867850833,,
152,1997,-0.4366551396259308,-0.43156788059269724,-0.4341184341965968,-9.541390518784718e-06,0.013655093211497497,0.000305566427425686,,
153,1996,-0.43156788059269724,-0.42668965167576883,-0.42919006232586593,0.00029468641584785697,0.013841965537971599,0.00030982573965877483,,
154,1997,-0.42668965167576883,-0.4218919727756311,-0.42426796006895945,0.00015536433155161162,0.01343299611893048,0.0003005964565828511,,
155,1997,-0.4218919727756311,-0.41702802137858513,-0.4194936321259106,-0.00033206318199311986,0.01373832192839745,0.0003074288754726118,,
156,1997,-0.41702802137858513,-0.41235568082328095,-0.4147414701980641,0.00031496619744416537,0.013026311788657888,0.000291495890518112,,
157,1997,-0.41235568082328095,-0.4076960095424663,-0.410007849724954,-2.9604174675609724e-05,0.012718324830156122,0.0002846039218478544,,
158,1997,-0.4076960095424663,-0.40304770211824426,-0.4054301847208596,2.2636819472103136e-05,0.013781747765016917,0.00030840063579297406,,
159,1997,-0.40304770211824426,-0.3983917949079962,-0.4007160173445385,0.0001835590617706982,0.01571159557971002,0.0003515857457792258,,
160,1997,-0.3983917949079962,-0.3938480713112013,-0.39612345785240966,-8.055372991457168e-05,0.013317668156835579,0.0002980157086660261,,
161,1997,-0.3938480713112013,-0.3891053423979497,-0.39141472684624257,-1.946333632711523e-06,0.01351074915309371,0.00030233637270812234,,
162,1997,-0.3891053423979497,-0.3844840209678897,-0.3868316238929984,0.0005758018632286927,0.014781852080479866,0.00033078043928429793,,
163,1996,-0.3844840209678897,-0.37986155903235275,-0.38217006941503323,0.0005618628449937045,0.013972054630866745,0.00031273753345837735,,
164,1997,-0.37986155903235275,-0.3752360105260277,-0.3775481367085257,-0.00036423891859149455,0.014190840454232674,0.00031755509483572685,,
165,1997,-0.3752360105260277,-0.37068143683635996,-0.37295769042555077,0.00047244420891231424,0.012570649020178085,0.0002812993109621383,,
166,1997,-0.37068143683635996,-0.3659753213355444,-0.36831486129743174,-0.000221048593204734,0.012609932614100644,0.0002821783783742341,,
167,1997,-0.3659753213355444,-0.36142396066829,-0.3636945287200443,-6.080291419126215e-05,0.014285631365595393,0.00031967627553284157,,
168,1997,-0.36142396066829,-0.35667416036400773,-0.3590223327756721,-0.00021526715575568702,0.013024293355726817,0.00029145072309741464,,
169,1997,-0.35667416036400773,-0.35200439380228665,-0.35430153834540495,0.000281004868716033,0.012446347247477117,0.0002785177518750913,,
170,1997,-0.35200439380228665,-0.3474106136883743,-0.3496733621116399,0.00012381596278356925,0.012495537968604278,0.0002796185157208235,,
171,1997,-0.3474106136883743,-0.34289030139142584,-0.345101001428923,8.679351816064321e-05,0.012929684903141371,0.00028933362536596405,,
172,1996,-0.34289030139142584,-0.33831892886149595,-0.3406108444847453,-9.762889385843296e-05,0.013236925912579888,0.0002962830929193635,,
173,1997,-0.33831892886149595,-0.3339952503902071,-0.33607502111911647,-0.0003907159619445318,0.013888103413749726,0.00031078060604410805,,
174,1997,-0.3339952503902071,-0.32938682914809886,-0.33167575802048055,-9.203061208703645e-05,0.013010535245394021,0.00029114285140753257,,
175,1997,-0.32938682914809886,-0.32493262305323245,-0.32711212407154266,-0.00028583519091748475,0.016357737293604683,0.00036604476206475797,,
176,1997,-0.32493262305323245,-0.320382896739807,-0.3226053106194861,0.0003660363987869416,0.01365248190684555,0.0003055079930363298,,
177,1997,-0.320382896739807,-0.31586992499432454,-0.31813955326225735,-2.3369774241952732e-05,0.015041627621910884,0.0003365935584551589,,
178,1997,-0.31586992499432454,-0.3113051016672831,-0.31360638421541387,-0.00012770453429996077,0.012887496193656868,0.0002883895488199303,,
179,1997,-0.3113051016672831,-0.30687847610884605,-0.30907615899939445,0.0003520509361170704,0.01249098352205998,0.00027951659873366806,,
180,1997,-0.30687847610884605,-0.3024724576274647,-0.3047028874347604,0.0002009255172180013,0.013126767803303496,0.0002937438418893143,,
181,1997,-0.3024724576274647,-0.29804948787188423,-0.300265189323832,-0.0005325005849110536,0.014238561831837998,0.0003186229784920913,,
182,1996,-0.29804948787188423,-0.2936861609951129,-0.2958694611643201,-0.00034820931468640843,0.013622677608863574,0.0003049174017028857,,
183,1997,-0.2936861609951129,-0.28913738068733263,-0.29140788318597227,0.00032151197219837006,0.012529907413945988,0.00028038761692452866,,
184,1997,-0.28913738068733263,-0.2846332846964421,-0.2869098043630356,0.0001591056950610993,0.012536543426510904,0.00028053611409114675,,
185,1997,-0.2846332846964421,-0.28013273531347394,-0.2823494625940047,0.00028391110784679543,0.014211203501013521,0.00031801076828737976,,
186,1997,-0.28013273531347394,-0.2758253710288758,-0.2780135256947808,-0.0006433420468738471,0.013632306141703498,0.00030505651047377615,,
187,1997,-0.2758253710288758,-0.271542392380906,-0.27369499921396995,-7.942600684090619e-05,0.015022289153557961,0.0003361608124756945,,
188,1997,-0.271542392380906,-0.2670887595452504,-0.26929656336442204,0.00023297749398672508,0.013727103082240894,0.0003071778260885614,,
189,1997,-0.2670887595452504,-0.26267261273284914,-0.2649010153276867,-0.00018101632769787116,0.01231096928513083,0.00027548833569567677,,
190,1997,-0.26267261273284914,-0.25834724846788243,-0.26048231687283774,-6.931150780706398e-05,0.013465678865560975,0.0003013278137381381,,
191,1997,-0.25834724846788243,-0.2541391539326606,-0.25622154221017984,8.486187675443531e-05,0.012409983664139215,0.00027770402690984516,,
192,1996,-0.2541391539326606,-0.24970763741751292,-0.2519506602943458,-0.0006372381971769846,0.013017300770292976,0.0002913672070959201,,
193,1997,-0.24970763741751292,-0.24536808832505008,-0.24754509401268376,-0.00032595630578496454,0.012028527216109449,0.0002691679970023521,,
194,1997,-0.24536808832505008,-0.24113625604011463,-0.2432583102139717,0.00036214247727931663,0.013470568437685333,0.00030143722998763115,,
195,1997,-0.24113625604011463,-0.23665777561006468,-0.2388778599908176,0.00020489564183203576,0.013035201478037209,0.00029169481926817544,,
196,1997,-0.23665777561006468,-0.23245871814052171,-0.23455796187479044,0.00036237111330035207,0.013773740854867923,0.0003082214614079258,,
197,1997,-0.23245871814052171,-0.22811142728388825,-0.2302778353055073,0.00023839547646499322,0.01267730747502955,0.00028368605724785853,,
198,1997,-0.22811142728388825,-0.22381493278488304,-0.22595153755192576,0.00024033667746906334,0.013366604789680827,0.000299110786659062,,
199,1997,-0.22381493278488304,-0.21944136174679665,-0.22167271278497389,0.00019595512713698398,0.013470703101876352,0.0003014402434314147,,
200,1997,-0.21944136174679665,-0.21528652912699833,-0.21734600326119582,-0.00017737454107302574,0.014228029174252756,0.0003183872842716439,,
201,1996,-0.21528652912699833,-0.21094792604906548,-0.21313187856989646,-1.467847086918715e-05,0.013718507375186779,0.00030706236645886394,,
202,1997,-0.21094792604906548,-0.20664649377011562,-0.2088053043030824,-0.00010359283191124026,0.012787418584816001,0.00028615006521295937,,
203,1997,-0.20664649377011562,-0.2023303453355041,-0.20451097885566705,-9.524217340911097e-05,0.013700790731829626,0.0003065890222783044,,
204,1997,-0.2023303453355041,-0.19791542631732081,-0.20015213567149479,-7.798023014063475e-05,0.012866216087670817,0.000287913353904181,,
205,1997,-0.19791542631732081,-0.1937889890095629,-0.19588908097067528,-3.875823438777114e-05,0.012635284613867807,0.00028274569196755513,,
206,1997,-0.1937889890095629,-0.18937826481956874,-0.19157596937529797,0.0005521986843608238,0.012828661375568269,0.0002870729744917202,,
207,1997,-0.18937826481956874,-0.18501567035678262,-0.1872028795799855,-7.469008740301547e-05,0.013090270960287368,0.0002929271349097263,,
208,1997,-0.18501567035678262,-0.18081741916277622,-0.18293537985338015,-0.0002283166239430472,0.014717092209233314,0.00032933127726168397,,
209,1997,-0.18081741916277622,-0.1765218438675808,-0.17865931925244197,-0.0006116312548516593,0.012867885943128262,0.00028795072104320716,,
210,1997,-0.1765218438675808,-0.17228945894889397,-0.17443015279718574,0.00023777309306306373,0.013363861046068739,0.00029904938862095764,,
211,1996,-0.17228945894889397,-0.1680389714401637,-0.1701253257389636,-0.0003444571240194521,0.01378918377252616,0.0003086443214942252,,
212,1997,-0.1680389714401637,-0.1638971383978917,-0.1659419203075813,-9.694952654747401e-05,0.013610578553682244,0.00030457030204257763,,
213,1997,-0.1638971383978917,-0.1595164062759038,-0.16171104733478153,0.000579407368954141,0.013912942862553006,0.0003113364500440341,,
214,1997,-0.1595164062759038,-0.15528698601184604,-0.1574305568063479,-0.00035626666901364884,0.013131625208692651,0.00029385253832868186,,
215,1997,-0.15528698601184604,-0.1508325523760905,-0.15308799916537774,-0.0002010433466511006,0.01406051725751664,0.0003146387915183915,,
216,1997,-0.1508325523760905,-0.14649808689715035,-0.14866060668941306,-0.00017916270576355222,0.01223257430361731,0.0002737340544133623,,
217,1997,-0.14649808689715035,-0.14229282846823735,-0.1443543074096413,0.0005119744336002533,0.014149534752926548,0.0003166307777779862,,
218,1997,-0.14229282846823735,-0.13799258347540505,-0.14015559174007283,0.00024306938142170162,0.012977889977286243,0.0002904123329267324,,
219,1997,-0.13799258347540505,-0.13372395097943554,-0.13586657096486157,0.0001214528335835619,0.013971824255212385,0.00031265406659326616,,
220,1996,-0.13372395097943554,-0.12952549618515893,-0.1316453760821333,0.0002309641920890568,0.012258913393387,0.00027439216627868915,,
221,1997,-0.12952549618515893,-0.12511824944573124,-0.12728704944479133,-0.0003309244468465999,0.011649804070575625,0.00026069313148720875,,
222,1997,-0.12511824944573124,-0.1209413400098335,-0.1230493580858843,0.00023571973959027285,0.012898110110051604,0.00028862706140688236,,
223,1997,-0.1209413400098335,-0.11663809505966502,-0.11877040552847491,-0.00021879609304179676,0.014173116419351811,0.000317158475791519,,
224,1997,-0.11663809505966502,-0.11242735352334003,-0.1145095074495844,8.055077756231928e-05,0.012067459202326051,0.00027003919632384604,,
225,1997,-0.11242735352334003,-0.10833274476246214,-0.11037317580371182,0.000931791026118066,0.05405849899191145,0.001209692394852713,,
226,1997,-0.10833274476246214,-0.10413431319912825,-0.10628368551083785,-0.0004484100376186497,0.011825256729882503,0.00026461931796256704,,
227,1997,-0.10413431319912825,-0.09974169249595678,-0.10192536212366844,-0.00015437016040539827,0.013024056366133768,0.0002914454198701013,,
228,1997,-0.09974169249595678,-0.09538950172762144,-0.09760452139378338,-0.0002837312196024697,0.012820331684070716,0.00028688657707699424,,
229,1997,-0.09538950172762144,-0.09103650861584703,-0.09321538417868033,9.428014716224274e-05,0.013558377384954877,0.0003034021719984681,,
230,1996,-0.09103650861584703,-0.08665947203869181,-0.08885104567774238,-7.904276619475438e-05,0.012640638929230065,0.0002829363572149246,,
231,1997,-0.08665947203869181,-0.08239970251938002,-0.08456711545455754,0.00015905531192177597,0.012764762240380171,0.0002856430735637223,,
232,1997,-0.08239970251938002,-0.07816585539452883,-0.08027872957746786,0.000129770146774858,0.01457122860096133,0.0003260672188637844,,
233,1997,-0.07816585539452883,-0.07391452632363774,-0.07600259140916889,0.00015686833018068884,0.015085017405001852,0.0003375645119887986,,
234,1997,-0.07391452632363774,-0.06967009911329108,-0.07178559854555522,0.0006407572074801938,0.013648773980056818,0.00030542501901891086,,
235,1997,-0.06967009911329108,-0.06546742652405058,-0.06760258476664975,-0.00024777710813246524,0.012952633806733916,0.00028984716374871243,,
236,1997,-0.06546742652405058,-0.061354885665784356,-0.06339045764441194,0.00012434852527021896,0.01397262237064943,0.00031267192639685695,,
237,1997,-0.061354885665784356,-0.05701076463425916,-0.05919852195164043,0.0004397183092242102,0.012710787287829862,0.00028443525072679125,,
238,1997,-0.05701076463425916,-0.05294914253163749,-0.05500015959491889,3.634085221838036e-05,0.011923051152141668,0.0002668077096321846,,
239,1997,-0.05294914253163749,-0.04862947922272698,-0.05081264277713126,-0.0004631166008025665,0.014327041982121948,0.0003206029403276934,,
240,1996,-0.04862947922272698,-0.0443293537104516,-0.04650068263429617,0.0006294926113537111,0.012495108289111613,0.00027967893412034857,,
241,1997,-0.0443293537104516,-0.04009558380690643,-0.04220987114735155,4.3713832216536074e-05,0.013076632793840078,0.0002926219472604449,,
242,1997,-0.04009558380690643,-0.03573472894720617,-0.037873445421590345,0.00028068629135556754,0.015128145876155952,0.00033852961802262587,,
243,1997,-0.03573472894720617,-0.031523515346610874,-0.03361162212199772,-0.000323571177277514,0.011789145522224554,0.00026381124052631964,,
244,1997,-0.031523515346610874,-0.027351774437985137,-0.02944720395685348,-0.00010139507631863964,0.014089772952037095,0.00031529345992072403,,
245,1997,-0.027351774437985137,-0.023315434815097104,-0.0253298633540888,-0.00040155318345272,0.016057419640380648,0.0003593244130369485,,
246,1997,-0.023315434815097104,-0.018864155581370712,-0.02114125546761992,0.00015048068786850284,0.013781631839744317,0.0003083980416787598,,
247,1997,-0.018864155581370712,-0.014650672371552884,-0.016764292801682713,-0.0006716276994881579,0.012888847105850278,0.00028841977881589686,,
248,1997,-0.014650672371552884,-0.010383472604726648,-0.012515445994221148,-0.0005174533432846612,0.013805788451005241,0.0003089386055026301,,
249,1996,-0.010383472604726648,-0.00607571274448225,-0.008219065024290952,0.0006687244247172243,0.012805049640158833,0.000286616374332551,,
250,1997,-0.00607571274448225,-0.0019148353084968925,-0.003977287774704446,7.312000618098475e-05,0.012565054299629713,0.0002811741152755228,,
251,1997,-0.0019148353084968925,0.0023954335362150006,0.0002734359777039881,5.011506905906323e-05,0.01263236225464695,0.00028268029696417135,,
252,1997,0.0023954335362150006,0.006340587205126428,0.004378882588929357,-0.0005813849407991997,0.012021627648901221,0.0002690136021498273,,
253,1997,0.006340587205126428,0.010661365744088429,0.008488939253721881,0.00023982628207113712,0.012127674492184829,0.00027138666211654067,,
254,1997,0.010661365744088429,0.015018357178636442,0.01286110204819181,-0.0003506656560520135,0.014459870669915172,0.00032357531019437745,,
255,1997,0.015018357178636442,0.01906892530865576,0.017074287937964283,0.0005665603695794074,0.014923472676464456,0.0003339495498055261,,
256,1997,0.01906892530865576,0.02337467586738715,0.021164652183468895,-0.0003954153932131727,0.014639191084671061,0.0003275880472480735,,
257,1997,0.02337467586738715,0.027430372807933985,0.025396262721727132,0.0006413563653416828,0.013541914813826746,0.0003030337813205027,,
258,1997,0.027430372807933985,0.0316086092428143,0.02955746438977898,0.000143779523157865,0.013214382193421154,0.00029570443020348204,,
259,1996,0.0316086092428143,0.03583907464909775,0.0337212666762151,-8.597129491241222e-05,0.01339294528795456,0.00029977528615188914,,
260,1997,0.03583907464909775,0.04024544165007982,0.03805584198959094,0.00011167078173513707,0.013658612879812878,0.00030564518869492064,,
261,1997,0.04024544165007982,0.044562982281456255,0.04234908505071004,0.0002934953171454842,0.01597503716761984,0.00035748090179216126,,
262,1997,0.044562982281456255,0.048625331359190074,0.046595072255598204,0.00013125251875596776,0.013415355448875873,0.0003002017030324731,,
263,1997,0.048625331359190074,0.05280368541355204,0.05075257131420502,-0.0006105371386434832,0.013631489128225876,0.0003050382277798649,,
264,1997,0.05280368541355204,0.057111586408236985,0.0549709546528435,1.1576193315746273e-05,0.012819480005254815,0.0002868675186605442,,
265,1997,0.057111586408236985,0.06146393490228915,0.05931310942803867,0.00023025007750789988,0.011632776653104391,0.0002603121009776118,,
266,1997,0.06146393490228915,0.0657848706383463,0.0635846581956137,7.845947566169343e-05,0.01300968529957262,0.00029112383177111353,,
267,1997,0.0657848706383463,0.07018405610486426,0.06801149312690553,-0.00015647378619008655,0.013042448273416433,0.0002918569842083935,,
268,1997,0.07018405610486426,0.07434765453188398,0.07225349049900573,-0.0001870584912005187,0.012334660421688263,0.0002760184833737178,,
269,1996,0.07434765453188398,0.07856863169884894,0.07648309339963441,0.0003041032893256821,0.015035197501129211,0.0003365339390510971,,
270,1997,0.07856863169884894,0.08287789510731698,0.08067802958127941,0.00025415029611853044,0.01401128774962117,0.00031353715972294707,,
271,1997,0.08287789510731698,0.08737152014721651,0.08511934971534828,-0.00018793640471230817,0.01338989786584859,0.0002996320267530033,,
272,1997,0.08737152014721651,0.09160839561884594,0.08951177984083086,0.0001787765840722319,0.013921650815667593,0.00031153131199643545,,
273,1997,0.09160839561884594,0.09612937860554771,0.0938803926569102,-0.0006861809372980979,0.01175954164852719,0.00026314878075518836,,
274,1997,0.09612937860554771,0.10047987100484604,0.09833233912306791,-0.0002517100515147977,0.014066103762181077,0.00031476380335431744,,
275,1997,0.10047987100484604,0.10460104712968848,0.10254248285625744,9.08320178099351e-05,0.013180854815807977,0.0002949541723444156,,
276,1997,0.10460104712968848,0.1089257752525583,0.10677457242834905,0.00030527415861391185,0.015499119597764377,0.00034683107104275255,,
277,1997,0.1089257752525583,0.11334446578364049,0.11117072100975833,0.0003362962236311198,0.015353805347181329,0.00034357930587960333,,
278,1996,0.11334446578364049,0.11774941697999489,0.11554958881123635,-2.4122059406342015e-05,0.01226907364316649,0.00027461958390188825,,
279,1997,0.11774941697999489,0.12228927072014184,0.12001870527121761,3.514678181810147e-06,0.012867062064777323,0.0002879322847308048,,
280,1997,0.12228927072014184,0.1267466631158085,0.12447303896000178,-0.000291750772265056,0.013623136901664758,0.00030485132608744863,,
281,1997,0.1267466631158085,0.1310523762862828,0.12889204558653955,-0.0003358250372579394,0.013631738540757868,0.00030504380900111145,,
282,1997,0.1310523762862828,0.1354083907196274,0.13323716295070936,-0.00015454957195590787,0.012849562843041135,0.00028754069643581215,,
283,1997,0.1354083907196274,0.1399438345246443,0.13764900856232873,-0.00018762301176075574,0.012572413630567774,0.0002813387984767399,,
284,1997,0.1399438345246443,0.14408962665065117,0.14201888392496156,0.0004166602954966544,0.014162572082342343,0.00031692252021511597,,
285,1997,0.14408962665065117,0.14838797464895534,0.14625931032246645,-8.81199093405774e-05,0.012269074304493616,0.0002745508320578691,,
286,1997,0.14838797464895534,0.1529465465421812,0.150659115051012,-0.0005889746653165625,0.01229617782944062,0.0002751573403519118,,
287,1997,0.1529465465421812,0.1574692772642188,0.15517785905575154,0.0001186528917739811,0.01236832113095527,0.0002767717248577579,,
288,1996,0.1574692772642188,0.16191471193064247,0.1597086205103084,0.000142639211052847,0.01331456653141611,0.00029802092864020165,,
289,1997,0.16191471193064247,0.1662325019557501,0.1640964684373876,-8.033892400204227e-05,0.014917846789315866,0.00033382365668927497,,
290,1997,0.1662325019557501,0.17066790211746255,0.16847877428311892,-0.0006965532482252969,0.01372914878157882,0.0003072236036624377,,
291,1997,0.17066790211746255,0.17514654982249495,0.172989729943893,0.00032111761180193013,0.012585813582945032,0.00028163865549801206,,
292,1997,0.17514654982249495,0.17943904141475286,0.17734952309693633,0.00011734596267541067,0.012371241760838387,0.0002768370811629397,,
293,1997,0.17943904141475286,0.18397867962559145,0.181723177106665,0.0003741529101181633,0.01585579480595008,0.00035481255951951013,,
294,1997,0.18397867962559145,0.1884607577553185,0.1862075518008768,0.00028308360177339744,0.012562863333645523,0.00028112508700174757,,
295,1997,0.1884607577553185,0.19296425597555658,0.19068650599764086,0.0006239999681167562,0.014145034440761543,0.00031653007218123476,,
296,1997,0.19296425597555658,0.19752739743992362,0.19520487974571266,-0.00015556332944637288,0.012866453443733076,0.0002879186653321478,,
297,1996,0.19752739743992362,0.20191507590581248,0.19974389766114853,-0.0003560210643271542,0.013508852011423874,0.0003023696349264034,,
298,1997,0.20191507590581248,0.20643087410986022,0.20418881149462967,-0.00014399654386240107,0.012681151620043265,0.0002837720794844082,,
299,1997,0.20643087410986022,0.21092908246351974,0.20872605070845823,0.0002799494922776595,0.012824171952457364,0.0002869725125644412,,
300,1997,0.21092908246351974,0.2156068432292649,0.21325178982774293,0.00027472894865076245,0.013370618399381737,0.00029920060108642565,,
301,1997,0.2156068432292649,0.2201495455484323,0.2179458374922681,-0.0003662842646151302,0.013323992648669545,0.0002981572347870899,,
302,1997,0.2201495455484323,0.22479799643117798,0.2225172649929386,-1.916107838808754e-07,0.012864565046579603,0.00028787640778305527,,
303,1997,0.22479799643117798,0.22946427670446207,0.22713215122437874,0.0002495910047124058,0.012474805076175927,0.00027915456605959394,,
304,1997,0.22946427670446207,0.23402047987832172,0.23170643965266213,-0.00012759116036629295,0.013982904047983535,0.0003129020043144709,,
305,1997,0.23402047987832172,0.23865487031512894,0.23632205379809254,-0.00037144569521434164,0.014001213552656768,0.00031331172469091056,,
306,1997,0.23865487031512894,0.24333344213561156,0.24094930541761947,0.00018891747488486795,0.01330111264483642,0.00029764523820658415,,
307,1996,0.24333344213561156,0.24797837582582893,0.2456375482637078,2.806082771453684e-05,0.01325488014955804,0.0002966849639351889,,
308,1997,0.24797837582582893,0.25270208390229554,0.2503081834982165,-8.231674113738175e-05,0.015373208445646745,0.00034401349811741787,,
309,1997,0.25270208390229554,0.25726030246865117,0.25495328353601343,-9.64440807792769e-05,0.013131274948387414,0.0002938447003894981,,
310,1997,0.25726030246865117,0.26199222340805844,0.25965651506591053,6.479220521530148e-05,0.01397473799479585,0.0003127192687109799,,
311,1997,0.26199222340805844,0.26663338819184934,0.264298093675222,0.00019034948641260535,0.012134239122371304,0.0002715335619261855,,
312,1997,0.26663338819184934,0.27149892114893637,0.2690754148904829,-0.0003675863809259315,0.014264752067934873,0.0003192090496930421,,
313,1997,0.27149892114893637,0.27606573621986846,0.2737350813229848,0.00021806808297211475,0.01247278050598432,0.0002791092613025381,,
314,1997,0.27606573621986846,0.2807773494042528,0.27836159323174214,-0.00020044077691189473,0.013867612073455724,0.0003103220617083191,,
315,1997,0.2807773494042528,0.28551801360082113,0.28314406573259665,3.822063841267365e-05,0.013022044384760501,0.00029140039681893983,,
316,1997,0.28551801360082113,0.2903166258207551,0.2879242095658226,0.0005015168807041174,0.01263995321772793,0.0002828501635065266,,
317,1996,0.2903166258207551,0.29515276133926954,0.2927188216712018,-0.0002726813532872858,0.012529641098586782,0.0002804518845520477,,
318,1997,0.29515276133926954,0.2999023491465575,0.2975743686834227,-0.00027759270760582166,0.01233727374968507,0.0002760769630404112,,
319,1997,0.2999023491465575,0.30473696004458506,0.3023053111441696,0.0005127219734764034,0.01338627071136815,0.0002995508602154233,,
320,1997,0.30473696004458506,0.3094998322077011,0.3071098350096359,0.0004724074511849671,0.019649250330555826,0.0004397004935891224,,
321,1997,0.3094998322077011,0.3144812261372379,0.3120042949693815,-0.00022484019689837396,0.012934121634945941,0.00028943290819515976,,
322,1997,0.3144812261372379,0.3194154648090182,0.3169041745430761,-0.00022002407157237087,0.01341433177533304,0.00030017879580932286,,
323,1997,0.3194154648090182,0.32429646107946253,0.3218407744919484,-1.638531983809122e-05,0.012846648086136033,0.0002874754715530148,,
324,1997,0.32429646107946253,0.32898287339804877,0.32660979086139275,5.0192020761694715e-05,0.013640385159051284,0.0003052372984354427,,
325,1997,0.32898287339804877,0.33395433313605954,0.33145099460057437,0.0004483237102564199,0.013225211222305997,0.00029594675646355066,,
326,1996,0.33395433313605954,0.3390490408878175,0.3365178510351687,6.9621981174515e-05,0.014004487254917023,0.0003134634752841887,,
327,1997,0.3390490408878175,0.34412121905661264,0.34155831230818073,0.00016077466743487563,0.013436234593558973,0.0003006689254490251,,
328,1997,0.34412121905661264,0.3491611705338103,0.3466394292652937,-0.0007004219139608094,0.013153932648101198,0.0002943517223664258,,
329,1997,0.3491611705338103,0.3542135528381345,0.35168224419389377,0.0005987185063196648,0.012587687943029518,0.000281680598933026,,
330,1997,0.3542135528381345,0.3591179599803011,0.3566754955268796,6.117769630872533e-05,0.01288564018386212,0.0002883480160179593,,
331,1997,0.3591179599803011,0.36403290160087026,0.3615922293938436,-0.00011665745949037899,0.013602620372433493,0.00030439221808699254,,
332,1997,0.36403290160087026,0.3691444453633585,0.3666003754403607,0.0002992454888020511,0.012443541325594835,0.0002784549624446623,,
333,1997,0.3691444453633585,0.3741243216760421,0.37162720398647797,9.795871856137551e-05,0.0124267469381028,0.0002780791465562418,,
334,1997,0.3741243216760421,0.3791638259776381,0.3767076913553523,0.0001693907118581969,0.013240481542107831,0.0002962884675742127,,
335,1997,0.3791638259776381,0.3843511942721791,0.38180639519712584,9.645148982827026e-05,0.01328175541213074,0.00029721207232839435,,
336,1996,0.3843511942721791,0.3894602013566263,0.38687447980696515,-7.250262337100273e-05,0.01299570988096766,0.0002908839366213075,,
337,1997,0.3894602013566263,0.39465745503451805,0.3920656128751333,-0.00025494225310322623,0.019026150727454363,0.00042575710142759817,,
338,1997,0.39465745503451805,0.3998372094393369,0.3972413898542974,7.649461961645644e-05,0.012865634103485782,0.0002879003305710199,,
339,1997,0.3998372094393369,0.4051260544488041,0.40247750218259565,6.126975868280537e-05,0.013450607802919342,0.00030099056149843645,,
340,1997,0.4051260544488041,0.41031704513524053,0.40772309473832685,0.00015784338027955867,0.012118204700737142,0.00027117475215032385,,
341,1997,0.41031704513524053,0.41549163602583916,0.412930027694313,0.00011210177647203636,0.01264852299690614,0.00028304193347592583,,
342,1997,0.41549163602583916,0.42090416947907344,0.4181776984158827,4.6528717245344354e-05,0.013855986223953716,0.00031006190461945165,,
343,1997,0.42090416947907344,0.42631576539400473,0.4235951619601131,-0.00026740277572841713,0.01392456494603743,0.0003115965228589592,,
344,1997,0.42631576539400473,0.4314575822888711,0.4288698149244049,-0.00039636934608501404,0.015801535334633673,0.000353598369872661,,
345,1996,0.4314575822888711,0.4366562115405283,0.4340248716442717,-7.920519439387344e-06,0.01364585154098379,0.0003054361055416037,,
346,1997,0.4366562115405283,0.4420947128192343,0.43936173718972904,0.00010263245426209612,0.01319699235696853,0.0002953152896743005,,
347,1997,0.4420947128192343,0.4474274803717494,0.44476838114561706,-0.0003695858145485042,0.013608467446616269,0.0003045230608092831,,
348,1997,0.4474274803717494,0.45276648029018146,0.4500758477031532,2.019126626390753e-05,0.012997900474095433,0.00029086011720226183,,
349,1997,0.45276648029018146,0.4582652462759844,0.45551557971721623,0.00019827489498827115,0.013032390385113843,0.000291631914122934,,
350,1997,0.4582652462759844,0.46401758146557237,0.4611320768885249,-0.0004183813341185678,0.013632597059708734,0.00030506302048247087,,
351,1997,0.46401758146557237,0.4696418952279356,0.4668602261222812,0.00021449680664781872,0.01506450336590418,0.0003371054597112302,,
352,1997,0.4696418952279356,0.4753731907910226,0.4724929253506093,-0.00061074544626294,0.013087782304635618,0.00029287144509459144,,
353,1997,0.4753731907910226,0.4808782536862621,0.47812389202851435,9.279677789705921e-05,0.013821125297397102,0.00030928180531000977,,
354,1997,0.4808782536862621,0.4865941821368309,0.4838145987712711,-1.459700293311321e-05,0.012180722824536491,0.0002725737495385393,,
355,1996,0.4865941821368309,0.4924871161505612,0.4895444382628196,-0.00028490987391190965,0.012183096923164438,0.00027269516061135206,,
356,1997,0.4924871161505612,0.4983633707532896,0.49541511727762877,0.00029925049978433727,0.01249540016584699,0.00027961543204387,,
357,1997,0.4983633707532896,0.5039740411892318,0.50121012872702,0.0003519655573233921,0.016671805780845195,0.00037307281995690533,,
358,1997,0.5039740411892318,0.5096684051005782,0.5068735931505691,0.0002717312831123961,0.013205181307327694,0.00029549853765854046,,
359,1997,0.5096684051005782,0.5153596828427477,0.5125234076841737,-0.000165240843110848,0.012780363629294545,0.0002859921931632451,,
360,1997,0.5153596828427477,0.5212933879377171,0.5183787304606926,0.0004682270386209913,0.01289304228683556,0.00028851365634907964,,
361,1997,0.5212933879377171,0.5272972431303207,0.5243156427082728,-0.0005291021343747372,0.014293405597192792,0.0003198502431607738,,
362,1997,0.5272972431303207,0.5332271333076098,0.5302643294638452,-3.383125357407196e-05,0.013402143261507907,0.0002999060477169086,,
363,1997,0.5332271333076098,0.5390772474154555,0.5361130534464938,5.8041948235103104e-05,0.013126599907080004,0.00029374008479674847,,
364,1997,0.5390772474154555,0.545018259484622,0.5420944823101571,-0.0003408500311672031,0.012467525768657593,0.00027899167357998516,,
365,1996,0.545018259484622,0.5511404428518489,0.5481096333786087,0.00019567650769999298,0.01750506299790137,0.00039181712136331505,,
366,1997,0.5511404428518489,0.5571015932003641,0.5541133855189879,0.0002017291617674429,0.01387107863611814,0.00031039963460744146,,
367,1997,0.5571015932003641,0.5632060511245018,0.560105864658913,-0.00019335866102348394,0.015187182303936151,0.0003398507038654951,,
368,1997,0.5632060511245018,0.5694870824869013,0.566381268019373,-0.00035281996849519744,0.013146188921959115,0.0002941784373733796,,
369,1997,0.5694870824869013,0.575938024406625,0.5727415664214935,0.00046389283931169733,0.014215913430162758,0.00031811616458173454,,
370,1997,0.575938024406625,0.5821793661685722,0.5790336066828256,0.00010686554604225623,0.013248937850828708,0.00029647769836195064,,
371,1997,0.5821793661685722,0.5884551727024413,0.5852902411431212,-5.7454070724016625e-05,0.012843055524088626,0.0002873950791065387,,
372,1997,0.5884551727024413,0.5950425368923944,0.5916934530102085,-2.730760672261062e-05,0.012958769005179413,0.00028998445396281067,,
373,1997,0.5950425368923944,0.6012592392593324,0.5980805175656494,-9.687219976067515e-05,0.012541544780208583,0.0002806480317293512,,
374,1996,0.6012592392593324,0.60769602678301,0.6044863491691018,0.00019727030547376603,0.01334283779979588,0.0002986537265338841,,
375,1997,0.60769602678301,0.6140064650054462,0.6107897236232693,-0.0005151706018201885,0.01283670288638773,0.0002872529231522053,,
376,1997,0.6140064650054462,0.6203868327743565,0.6171310046898836,0.00031258221832510105,0.013384872130307455,0.0002995195635108485,,
377,1997,0.6203868327743565,0.6269858052250817,0.6237001899933702,0.0002735817352330244,0.01257466705268735,0.00028138922436075957,,
378,1997,0.6269858052250817,0.6334385515389038,0.630180142186473,-0.0002068760879258379,0.013155753752692494,0.00029439247407828247,,
379,1997,0.6334385515389038,0.6400121748158427,0.6367347728446299,-0.0001522663887049752,0.014001435696385229,0.0003133166957053467,,
380,1997,0.6400121748158427,0.646568326806668,0.643278757905364,-0.00017673385525311024,0.013094124596120513,0.00029301336952679524,,
381,1997,0.646568326806668,0.6531091695471365,0.649854313903256,-0.00018766435260417327,0.012960027446695352,0.00029001261469904245,,
382,1997,0.6531091695471365,0.6598404465912646,0.6564583070638654,0.00012329080415892762,0.015003414432235778,0.0003357384439811156,,
383,1997,0.6598404465912646,0.6664204011439251,0.6631509210991964,-0.00011819407286505583,0.013565296470736858,0.0003035570036272754,,
384,1996,0.6664204011439251,0.673224057868557,0.669793543547716,-0.00019897971785656386,0.014334920810892238,0.0003208595940367789,,
385,1997,0.673224057868557,0.6798697038850096,0.6765759800331439,-3.711552639813019e-05,0.014779398710205196,0.000330725539066601,,
386,1997,0.6798697038850096,0.6869204848246923,0.6833597303305129,-0.0002460830460577919,0.01513230045125234,0.00033862258689878165,,
387,1997,0.6869204848246923,0.6940771687872015,0.6906084442290236,-0.0003786407652018038,0.013470483789014425,0.0003014353357646072,,
388,1997,0.6940771687872015,0.7011424741624502,0.6976471866980077,0.00020042080485026113,0.016397352097352706,0.00036693124111451364,,
389,1997,0.7011424741624502,0.7081192364453349,0.7045408529781232,-0.00014008862057560348,0.012729657997509473,0.0002848575294509622,,
390,1997,0.7081192364453349,0.7152313247918033,0.7116084859995766,0.00041415008912122365,0.013652282556373097,0.00030550353207727747,,
391,1997,0.7152313247918033,0.722527891201837,0.7188970297375061,-0.00010876211830788721,0.01350858676425179,0.0003022879839184673,,
392,1997,0.722527891201837,0.7298038675586114,0.7261604925550619,-4.633161179890061e-05,0.01365800846022471,0.00030563166331421747,,
393,1996,0.7298038675586114,0.7370398214619764,0.7334564642714498,-6.316962072936323e-05,0.013985413191285274,0.00031303653910545065,,
394,1997,0.7370398214619764,0.7443083282107037,0.7406432779618137,-4.668933620467549e-05,0.014604134436356993,0.00032680356818103723,,
395,1997,0.7443083282107037,0.7519417772435251,0.7481716850081975,-0.00019563956659483653,0.014690916830509737,0.0003287455385311462,,
396,1997,0.7519417772435251,0.7595458784728927,0.7558063800060365,5.159630718164285e-05,0.013642859812746879,0.0003052926749222353,,
397,1997,0.7595458784728927,0.7671594687332198,0.7633511917992658,-0.0006571558022861442,0.014673035364345232,0.0003283453965732414,,
398,1997,0.7671594687332198,0.774875978851469,0.771060304423175,0.0003861763623406448,0.018112572966576278,0.00040531354324433913,,
399,1997,0.774875978851469,0.783059920408504,0.7789964079970978,9.215786540127617e-05,0.013504958484187037,0.00030220679219315907,,
400,1997,0.783059920408504,0.7906399080828286,0.786941825165807,0.00010261041180818081,0.014063958190291593,0.0003147157908854972,,
401,1997,0.7906399080828286,0.7987336236636482,0.7946912683372808,0.0003585641426946671,0.01527207161543093,0.00034175031181677925,,
402,1997,0.7987336236636482,0.8066967564175017,0.8027111438194448,0.0004653193244761783,0.014436251500575169,0.0003230467729605261,,
403,1996,0.8066967564175017,0.8148210408638403,0.8107572700053202,2.419027614249634e-05,0.013948141399912675,0.0003122022818391148,,
404,1997,0.8148210408638403,0.8232947149447201,0.8189890588140494,0.00024122175220206912,0.013941263317927721,0.00031197019016121133,,
405,1997,0.8232947149447201,0.8318552568162527,0.8276835413996986,0.00010012684848311676,0.013559425844331539,0.00030342563386585083,,
406,1997,0.8318552568162527,0.8404494902012023,0.8361617160276831,-3.959449914682947e-05,0.014160082376574462,0.00031686680690103976,,
407,1997,0.8404494902012023,0.8493108851908149,0.8448219010898108,-0.0001360471955746546,0.014525083414614066,0.00032503460637871154,,
408,1997,0.8493108851908149,0.8579542503390803,0.8536994911796774,-0.00032181190920102537,0.013284489822643181,0.000297273261515349,,
409,1997,0.8579542503390803,0.8667426124816497,0.8623602571581456,-0.0003562329072108961,0.013862780611018479,0.00031021394580655823,,
410,1997,0.8667426124816497,0.875604396660862,0.8712326368266976,-0.00013985476749226277,0.012660999944761643,0.00028332113599196374,,
411,1997,0.875604396660862,0.8841375889410618,0.8798775512564718,0.00011526342609870997,0.013815358802601216,0.00030915276575046546,,
412,1997,0.8841375889410618,0.8928094583792263,0.8884847784230605,0.000342504350745298,0.013878987842274064,0.0003105766226243965,,
413,1996,0.8928094583792263,0.9017241427568361,0.8971486574992136,-2.5326704857574087e-07,0.01342446863194469,0.00030048087549478035,,
414,1997,0.9017241427568361,0.9106932332354016,0.9061872885695765,0.00013030972039752866,0.014255881431827627,0.00031901054730698716,,
415,1997,0.9106932332354016,0.9201187994956959,0.915467186164044,0.00028658526555201593,0.014201565830878617,0.00031779510162101456,,
416,1997,0.9201187994956959,0.9295765641512206,0.924908250964439,8.510306606445404e-05,0.015865413014152938,0.0003550277906770909,,
417,1997,0.9295765641512206,0.9389975422018144,0.9343545575893675,0.00021483952076248032,0.012878572623368932,0.0002881898619008787,,
418,1998,0.9389975422018144,0.9487549620126845,0.9438920819605593,-0.0002701761102719947,0.013882054893570738,0.00031056750668778264,,
419,1996,0.9487549620126845,0.9587874609052268,0.9537816130674968,0.0018572368970069136,0.06490135338462193,0.001452691798869531,,
420,1997,0.9587874609052268,0.9685099537440748,0.9636870162964043,-0.0005992229488634835,0.013799813272018738,0.00030880489611904294,,
421,1997,0.9685099537440748,0.9786644265037343,0.9735714709583588,0.000566922242095023,0.016217615443762254,0.0003629091896891276,,
422,1996,0.9786644265037343,0.9891580775965308,0.9839226177422327,-0.0002615865890423373,0.01606737894068076,0.0003596373326474649,,
423,1997,0.9891580775965308,0.9994576411701165,0.9942518282322105,0.00014875989264020092,0.015056640661873373,0.0003369295122941466,,
424,1997,0.9994576411701165,1.0102972471897864,1.0048612327071256,0.00024028735207293528,0.013651017303069817,0.0003054752189104844,,
425,1997,1.0102972471897864,1.0208719738101384,1.0156261169475531,-5.374028063220609e-05,0.014463543316063558,0.0003236574947203546,,
426,1997,1.0208719738101384,1.0317784512086463,1.0262454087000759,0.0005101906905842694,0.016481915736476973,0.00036882356134236533,,
427,1997,1.0317784512086463,1.0428923718696588,1.0372802557102965,0.00014949174373359367,0.015644384301334087,0.00035008172746913807,,
428,1997,1.0428923718696588,1.0543203092326887,1.0486999764515643,-0.00029925563717961436,0.013695634997031695,0.0003064736499817878,,
429,1997,1.0543203092326887,1.0656849345752155,1.0599269068715886,2.536532422628222e-05,0.014780615636128345,0.00033075277078893487,,
430,1997,1.0656849345752155,1.0773256987095001,1.0715721495839543,-0.00025506431096790306,0.013893240317182719,0.00031089555694233616,,
431,1997,1.0773256987095001,1.0892641694177263,1.083240678482783,0.00026991555536048765,0.0130778304213651,0.0002926487471334695,,
432,1996,1.0892641694177263,1.1013036243677592,1.0953790407432462,5.650616659931615e-05,0.013440061435500014,0.0003008298903714342,,
433,1997,1.1013036243677592,1.1139056554192854,1.1075677431220734,-4.9528499803786e-05,0.014994748924409128,0.0003355445318468367,,
434,1997,1.1139056554192854,1.1266987717951806,1.120094464392237,0.00015907839635480843,0.013995929861183637,0.000313193489047839,,
435,1997,1.1266987717951806,1.1393976391788254,1.132981768518557,0.0002355465212468478,0.014046110982791307,0.00031431641554979496,,
436,1997,1.1393976391788254,1.1521555111364852,1.1459922683899886,-4.447721050479098e-05,0.01763578308448715,0.0003946441923548104,,
437,1997,1.1521555111364852,1.1653396252341108,1.1586388547885331,-0.00019886951025304127,0.013711065067540117,0.00030681893590896224,,
438,1997,1.1653396252341108,1.1787287425068071,1.171942455602204,-2.881182207608442e-05,0.014237665068251613,0.0003186029111925794,,
439,1997,1.1787287425068071,1.1920424437883506,1.185375392697335,8.631476053293653e-05,0.016549599479743587,0.00037033815222098067,,
440,1997,1.1920424437883506,1.2060576675945562,1.199072732920144,0.0006034597832969621,0.013366862606326954,0.0002991165559431136,,
441,1996,1.2060576675945562,1.2198952138076755,1.2129914246889735,-0.00026843860187752343,0.015031320987076557,0.0003364471707499937,,
442,1997,1.2198952138076755,1.234175456469639,1.2271664800054316,0.00014350886051075164,0.016388026837767924,0.0003667225654056038,,
443,1997,1.234175456469639,1.2486186751092059,1.2414185862838036,0.0004780210841059761,0.021343901452799983,0.00047762249683997306,,
444,1997,1.2486186751092059,1.2638169565157151,1.2562638256577658,0.00024084513607965425,0.014282213769114555,0.00031959979837293813,,
445,1997,1.2638169565157151,1.2793070203203878,1.2715496307226992,-9.82000913760337e-05,0.014100937153592332,0.00031554328649689283,,
446,1997,1.2793070203203878,1.2951152343546362,1.2872453105084165,0.00038197416495539384,0.015759307602811967,0.0003526534201054793,,
447,1997,1.2951152343546362,1.3113959017708763,1.3032994866811467,-0.000800206618925315,0.013561793350689815,0.0003034786126664054,,
448,1997,1.3113959017708763,1.327873259851557,1.3196128429193292,-4.767077750850271e-05,0.014077905681895748,0.0003150279004489415,,
449,1997,1.327873259851557,1.3444111816270559,1.3361226308427658,-0.00046983063720683473,0.015090340384478066,0.00033768362679794815,,
450,1997,1.3444111816270559,1.3616413750969674,1.3529284722452277,0.00012829229194890755,0.014114302568031816,0.0003158423706465271,,
451,1996,1.3616413750969674,1.3789194320952736,1.3703571415376368,0.00022329687291072932,0.013537108832617918,0.00030300210944765794,,
452,1997,1.3789194320952736,1.3963827614236253,1.3875863131025399,-0.00032249010255789364,0.014455345889153346,0.00032347405705235484,,
453,1997,1.3963827614236253,1.414513511891842,1.4052841730115735,0.00029488715540783463,0.014976263495128128,0.0003351308747229095,,
454,1997,1.414513511891842,1.4340295887482433,1.4243358584059649,-6.506641818123082e-05,0.014511794590418955,0.0003247372361249099,,
455,1997,1.4340295887482433,1.4544267705356955,1.4441947235467139,0.0006287998052167693,0.015082694875250314,0.0003375125396508749,,
456,1997,1.4544267705356955,1.4749463910551617,1.4646440720230192,-0.0002587573710522429,0.018131867921358975,0.0004057453155002271,,
457,1997,1.4749463910551617,1.495860190914611,1.4851293144164834,0.0005369383788328463,0.014152591360496625,0.0003166991769196665,,
458,1997,1.495860190914611,1.5175263602083835,1.5066525050897828,4.5249480763547204e-05,0.014229475184089024,0.0003184196423121821,,
459,1997,1.5175263602083835,1.5397545673835478,1.5286907136928503,2.391199057471615e-05,0.013795388700594805,0.00030870588540839004,,
460,1997,1.5397545673835478,1.5619391090364125,1.5509637966370067,-0.0005560738920353397,0.015267981894425853,0.00034165879421105266,,
461,1996,1.5619391090364125,1.5855264070425201,1.5736451626753796,-0.0005084814383172212,0.018394357864605127,0.00041172227421862394,,
462,1997,1.5855264070425201,1.60939596899809,1.597224109740355,-0.00013743745132035817,0.014140696366493299,0.0003164329970580171,,
463,1997,1.60939596899809,1.6347112983849268,1.6219611294996186,-0.0008397208742795254,0.0173928824049391,0.0003892086898855725,,
464,1997,1.6347112983849268,1.6607491045617786,1.6476262873732948,-0.000354564319951439,0.013310104081573858,0.0002978464438050175,,
465,1997,1.6607491045617786,1.6881951101123467,1.674574800880159,-0.0001446299412574525,0.015376860299677893,0.00034409521736843244,,
466,1997,1.6881951101123467,1.7167939539978128,1.7023884598916044,0.00014039660295810843,0.015730627194264327,0.0003520116251472704,,
467,1997,1.7167939539978128,1.7458847554539931,1.7311550890050917,-0.0001998339956150161,0.014352986311555214,0.0003211835087598593,,
468,1997,1.7458847554539931,1.7755798234811555,1.7607187672368825,-0.00023388921330685366,0.01513551015803762,0.00033869441201343087,,
469,1997,1.7755798234811555,1.8073935803198433,1.791565629653376,-1.4574685683893872e-05,0.017242907446651988,0.0003858526298794406,,
470,1996,1.8073935803198433,1.8418524943714418,1.8239631912007594,0.00010742486783616318,0.016281489996373247,0.0003644297962623373,,
471,1997,1.8418524943714418,1.8757105357766197,1.8591960761773414,-0.000179233124264929,0.014890132734660605,0.0003332034862855052,,
472,1997,1.8757105357766197,1.9107929392135898,1.8931572987859526,-0.00047864102956275575,0.015367122030583824,0.00034387729955195944,,
473,1997,1.9107929392135898,1.950207845283364,1.930540689076766,-0.00011360903015824495,0.015190783855492346,0.00033993129747442706,,
474,1997,1.950207845283364,1.9911538297098639,1.9699836491579865,-0.0003244917483743878,0.01616457614381374,0.00036172230438945193,,
475,1997,1.9911538297098639,2.034729805121692,2.0127672300140125,-0.00026937551549503986,0.018970624927776337,0.00042451457455687107,,
476,1997,2.034729805121692,2.080064484625137,2.0577424203168513,0.0001481319612925134,0.02174586239398379,0.0004866173654109751,,
477,1997,2.080064484625137,2.129937937556925,2.1043068545238564,-0.00015281085327037674,0.01642904444908435,0.0003676404357384802,,
478,1997,2.129937937556925,2.1824252631112677,2.1560925525689485,-0.00039152340044228985,0.01509375075857964,0.0003377599423392822,,
479,1997,2.1824252631112677,2.237926056874833,2.210292917210646,-0.000802882625618794,0.016026249689112586,0.0003586269084132529,,
480,1996,2.237926056874833,2.2993874749717156,2.2684596882115344,-0.0005215525370280839,0.021600080926127047,0.00048347621089420725,,
481,1997,2.2993874749717156,2.3662340831339024,2.332115420095105,-0.0009113635433406253,0.015806867468164065,0.0003537176895263757,,
482,1997,2.3662340831339024,2.439337099830263,2.4013874816018945,-0.00014898910080501723,0.016912872807590174,0.00037846728991706443,,
483,1997,2.439337099830263,2.5225329922972577,2.4802201787030294,-0.0003805383368738833,0.016716363129422644,0.0003740699006512288,,
484,1997,2.5225329922972577,2.6206293801152385,2.5709416735795387,-0.00039168793969544217,0.01726719980002155,0.00038639623126816267,,
485,1997,2.6206293801152385,2.730683998131724,2.6743254409776323,-0.0002415707466009122,0.016417221594104633,0.00036737587016560794,,
486,1997,2.730683998131724,2.8634862533516863,2.7950275193579515,0.00013382000537749567,0.017013633254323778,0.00038072205370793177,,
487,1997,2.8634862533516863,3.03755349813335,2.947480841343175,-0.0011036170155908128,0.016183607475531842,0.0003621481774283381,,
488,1997,3.03755349813335,3.2871978625609732,3.150722371638872,-0.0011026364006215706,0.020023683117088274,0.00044807935172796163,,
489,1997,3.2871978625609732,4.162764807239953,3.5293572935070947,-0.0020562746299254337,0.0220228891297238,0.000492816522650722,,
